device_0,device_1,device_2,device_3,device_4,device_5,device_6,device_7,device_8,device_9,class
-38.0,-56.0,-44.0,-54.0,-54.0,-62.0,-66.0,-74.0,-66.0,-66.0,1
-38.0,-54.0,-44.0,-54.0,-54.0,-64.0,-64.0,-74.0,-68.0,-66.0,1
-38.0,-54.0,-44.0,-54.0,-54.0,-64.0,-64.0,-74.0,-68.0,-66.0,1
-38.0,-56.0,-44.0,-54.0,-52.0,-64.0,-66.0,-74.0,-66.0,-66.0,1
-38.0,-56.0,-44.0,-54.0,-54.0,-62.0,-64.0,-74.0,-68.0,-68.0,1
-38.0,-54.0,-44.0,-54.0,-52.0,-62.0,-66.0,-74.0,-66.0,-66.0,1
-38.0,-56.0,-44.0,-54.0,-54.0,-62.0,-66.0,-74.0,-66.0,-66.0,1
-38.0,-56.0,-44.0,-54.0,-52.0,-62.0,-66.0,-74.0,-68.0,-68.0,1
-38.0,-54.0,-44.0,-54.0,-54.0,-64.0,-66.0,-74.0,-66.0,-66.0,1
-38.0,-56.0,-44.0,-54.0,-54.0,-62.0,-66.0,-74.0,-66.0,-66.0,1
-38.0,-56.0,-44.0,-54.0,-52.0,-62.0,-64.0,-74.0,-66.0,-66.0,1
-38.0,-56.0,-44.0,-54.0,-52.0,-64.0,-64.0,-74.0,-66.0,-68.0,1
-38.0,-56.0,-44.0,-54.0,-54.0,-62.0,-64.0,-74.0,-66.0,-66.0,1
-38.0,-56.0,-44.0,-54.0,-54.0,-62.0,-64.0,-74.0,-66.0,-66.0,1
-38.0,-56.0,-44.0,-54.0,-52.0,-64.0,-66.0,-74.0,-66.0,-66.0,1
-38.0,-56.0,-44.0,-54.0,-52.0,-62.0,-66.0,-74.0,-68.0,-68.0,1
-38.0,-56.0,-44.0,-54.0,-52.0,-64.0,-66.0,-74.0,-66.0,-66.0,1
-38.0,-56.0,-44.0,-54.0,-54.0,-62.0,-66.0,-74.0,-68.0,-66.0,1
-38.0,-56.0,-44.0,-54.0,-52.0,-62.0,-66.0,-76.0,-66.0,-68.0,1
-38.0,-56.0,-44.0,-54.0,-54.0,-62.0,-66.0,-74.0,-68.0,-68.0,1
-38.0,-56.0,-44.0,-54.0,-52.0,-64.0,-66.0,-74.0,-68.0,-66.0,1
-38.0,-56.0,-44.0,-54.0,-54.0,-62.0,-66.0,-74.0,-68.0,-68.0,1
-38.0,-56.0,-44.0,-54.0,-54.0,-62.0,-64.0,-74.0,-66.0,-66.0,1
-38.0,-56.0,-44.0,-54.0,-54.0,-64.0,-66.0,-74.0,-66.0,-66.0,1
-38.0,-56.0,-44.0,-54.0,-52.0,-62.0,-66.0,-74.0,-66.0,-68.0,1
-38.0,-56.0,-44.0,-54.0,-58.0,-64.0,-66.0,-74.0,-66.0,-66.0,1
-38.0,-56.0,-44.0,-54.0,-58.0,-64.0,-66.0,-74.0,-68.0,-66.0,1
-38.0,-56.0,-44.0,-54.0,-52.0,-62.0,-66.0,-74.0,-66.0,-66.0,1
-38.0,-56.0,-44.0,-54.0,-52.0,-64.0,-66.0,-74.0,-66.0,-66.0,1
-38.0,-56.0,-46.0,-54.0,-52.0,-64.0,-66.0,-74.0,-66.0,-66.0,1
-38.0,-56.0,-44.0,-52.0,-54.0,-62.0,-66.0,-74.0,-66.0,-66.0,1
-38.0,-56.0,-46.0,-54.0,-52.0,-62.0,-66.0,-74.0,-66.0,-68.0,1
-38.0,-56.0,-44.0,-54.0,-54.0,-62.0,-66.0,-74.0,-66.0,-66.0,1
-38.0,-56.0,-44.0,-54.0,-54.0,-62.0,-66.0,-74.0,-68.0,-66.0,1
-38.0,-56.0,-44.0,-54.0,-54.0,-64.0,-68.0,-74.0,-68.0,-66.0,1
-38.0,-56.0,-44.0,-54.0,-54.0,-62.0,-64.0,-74.0,-66.0,-66.0,1
-38.0,-56.0,-44.0,-54.0,-54.0,-62.0,-66.0,-74.0,-66.0,-66.0,1
-38.0,-56.0,-44.0,-52.0,-52.0,-64.0,-66.0,-74.0,-66.0,-66.0,1
-38.0,-56.0,-44.0,-54.0,-52.0,-64.0,-64.0,-74.0,-68.0,-66.0,1
-38.0,-56.0,-44.0,-54.0,-52.0,-64.0,-66.0,-74.0,-68.0,-66.0,1
-38.0,-56.0,-44.0,-52.0,-54.0,-62.0,-64.0,-74.0,-68.0,-66.0,1
-38.0,-56.0,-44.0,-54.0,-52.0,-62.0,-64.0,-74.0,-68.0,-68.0,1
-38.0,-56.0,-44.0,-54.0,-54.0,-62.0,-66.0,-74.0,-66.0,-66.0,1
-38.0,-56.0,-44.0,-54.0,-54.0,-64.0,-66.0,-74.0,-68.0,-66.0,1
-38.0,-56.0,-44.0,-54.0,-52.0,-62.0,-64.0,-74.0,-68.0,-66.0,1
-38.0,-56.0,-44.0,-54.0,-54.0,-62.0,-66.0,-74.0,-68.0,-66.0,1
-38.0,-56.0,-44.0,-54.0,-52.0,-62.0,-64.0,-74.0,-68.0,-66.0,1
-38.0,-56.0,-44.0,-54.0,-54.0,-62.0,-64.0,-74.0,-66.0,-66.0,1
-38.0,-56.0,-44.0,-54.0,-54.0,-62.0,-66.0,-74.0,-66.0,-68.0,1
-38.0,-56.0,-44.0,-54.0,-54.0,-62.0,-66.0,-74.0,-66.0,-66.0,1
-44.0,-54.0,-44.0,-58.0,-58.0,-66.0,-60.0,-80.0,-76.0,-68.0,6
-44.0,-54.0,-44.0,-58.0,-58.0,-66.0,-60.0,-80.0,-76.0,-70.0,6
-46.0,-54.0,-44.0,-58.0,-58.0,-66.0,-60.0,-80.0,-76.0,-68.0,6
-46.0,-54.0,-44.0,-58.0,-58.0,-66.0,-60.0,-80.0,-74.0,-70.0,6
-46.0,-54.0,-44.0,-58.0,-58.0,-66.0,-60.0,-76.0,-74.0,-70.0,6
-44.0,-54.0,-44.0,-56.0,-58.0,-64.0,-60.0,-78.0,-76.0,-68.0,6
-44.0,-54.0,-44.0,-58.0,-58.0,-66.0,-60.0,-76.0,-76.0,-68.0,6
-44.0,-54.0,-42.0,-58.0,-58.0,-66.0,-60.0,-78.0,-74.0,-68.0,6
-46.0,-54.0,-44.0,-58.0,-56.0,-66.0,-60.0,-78.0,-76.0,-70.0,6
-44.0,-54.0,-44.0,-56.0,-58.0,-66.0,-60.0,-80.0,-74.0,-70.0,6
-44.0,-54.0,-44.0,-56.0,-58.0,-66.0,-60.0,-80.0,-76.0,-68.0,6
-44.0,-54.0,-44.0,-58.0,-58.0,-64.0,-60.0,-80.0,-76.0,-70.0,6
-44.0,-54.0,-44.0,-58.0,-58.0,-66.0,-60.0,-80.0,-74.0,-68.0,6
-44.0,-54.0,-44.0,-58.0,-56.0,-66.0,-60.0,-78.0,-74.0,-68.0,6
-44.0,-54.0,-44.0,-58.0,-56.0,-66.0,-60.0,-80.0,-76.0,-68.0,6
-46.0,-54.0,-44.0,-58.0,-58.0,-66.0,-60.0,-78.0,-74.0,-68.0,6
-44.0,-54.0,-44.0,-58.0,-58.0,-66.0,-60.0,-78.0,-74.0,-70.0,6
-44.0,-54.0,-42.0,-58.0,-56.0,-66.0,-60.0,-78.0,-74.0,-68.0,6
-44.0,-54.0,-44.0,-58.0,-58.0,-66.0,-60.0,-80.0,-74.0,-70.0,6
-46.0,-54.0,-44.0,-58.0,-58.0,-68.0,-60.0,-80.0,-76.0,-68.0,6
-44.0,-54.0,-44.0,-58.0,-58.0,-66.0,-60.0,-78.0,-76.0,-68.0,6
-46.0,-54.0,-44.0,-58.0,-56.0,-68.0,-60.0,-80.0,-74.0,-68.0,6
-44.0,-54.0,-44.0,-56.0,-56.0,-66.0,-60.0,-78.0,-76.0,-68.0,6
-46.0,-54.0,-44.0,-58.0,-56.0,-66.0,-60.0,-80.0,-74.0,-70.0,6
-46.0,-54.0,-44.0,-58.0,-58.0,-64.0,-60.0,-80.0,-74.0,-70.0,6
-44.0,-54.0,-44.0,-58.0,-56.0,-66.0,-60.0,-80.0,-76.0,-68.0,6
-44.0,-54.0,-44.0,-58.0,-58.0,-66.0,-60.0,-80.0,-76.0,-68.0,6
-44.0,-54.0,-44.0,-58.0,-58.0,-66.0,-60.0,-78.0,-74.0,-68.0,6
-44.0,-54.0,-44.0,-56.0,-58.0,-68.0,-60.0,-78.0,-74.0,-68.0,6
-46.0,-54.0,-44.0,-56.0,-58.0,-66.0,-60.0,-78.0,-74.0,-68.0,6
-44.0,-54.0,-44.0,-58.0,-56.0,-66.0,-60.0,-78.0,-76.0,-68.0,6
-44.0,-54.0,-44.0,-56.0,-58.0,-66.0,-60.0,-78.0,-74.0,-70.0,6
-44.0,-54.0,-44.0,-58.0,-56.0,-68.0,-60.0,-78.0,-76.0,-68.0,6
-46.0,-54.0,-44.0,-56.0,-56.0,-64.0,-60.0,-78.0,-76.0,-68.0,6
-44.0,-54.0,-44.0,-56.0,-58.0,-66.0,-60.0,-76.0,-76.0,-68.0,6
-46.0,-54.0,-44.0,-56.0,-58.0,-66.0,-60.0,-80.0,-76.0,-68.0,6
-46.0,-54.0,-44.0,-58.0,-58.0,-66.0,-60.0,-80.0,-74.0,-68.0,6
-46.0,-54.0,-42.0,-58.0,-58.0,-68.0,-60.0,-80.0,-76.0,-68.0,6
-44.0,-54.0,-44.0,-58.0,-56.0,-66.0,-60.0,-76.0,-74.0,-68.0,6
-46.0,-54.0,-44.0,-58.0,-58.0,-66.0,-60.0,-78.0,-76.0,-68.0,6
-46.0,-54.0,-44.0,-58.0,-58.0,-66.0,-60.0,-80.0,-74.0,-70.0,6
-46.0,-54.0,-42.0,-58.0,-56.0,-66.0,-60.0,-76.0,-76.0,-68.0,6
-44.0,-54.0,-44.0,-58.0,-58.0,-66.0,-60.0,-78.0,-74.0,-70.0,6
-44.0,-54.0,-44.0,-58.0,-56.0,-66.0,-60.0,-76.0,-76.0,-68.0,6
-46.0,-54.0,-44.0,-58.0,-58.0,-66.0,-60.0,-78.0,-74.0,-68.0,6
-46.0,-54.0,-42.0,-58.0,-58.0,-66.0,-60.0,-80.0,-76.0,-70.0,6
-44.0,-54.0,-44.0,-58.0,-58.0,-66.0,-60.0,-78.0,-76.0,-70.0,6
-44.0,-54.0,-44.0,-58.0,-58.0,-64.0,-60.0,-78.0,-74.0,-68.0,6
-46.0,-54.0,-44.0,-58.0,-58.0,-66.0,-60.0,-80.0,-76.0,-68.0,6
-34.0,-50.0,-46.0,-58.0,-56.0,-70.0,-64.0,-74.0,-72.0,-72.0,7
-34.0,-50.0,-46.0,-58.0,-56.0,-70.0,-66.0,-74.0,-72.0,-72.0,7
-34.0,-50.0,-46.0,-56.0,-54.0,-70.0,-64.0,-74.0,-74.0,-72.0,7
-34.0,-50.0,-46.0,-56.0,-56.0,-70.0,-64.0,-74.0,-72.0,-72.0,7
-34.0,-50.0,-46.0,-56.0,-56.0,-70.0,-64.0,-74.0,-70.0,-72.0,7
-34.0,-50.0,-46.0,-58.0,-56.0,-70.0,-64.0,-74.0,-74.0,-72.0,7
-34.0,-50.0,-46.0,-56.0,-54.0,-70.0,-64.0,-74.0,-72.0,-72.0,7
-34.0,-50.0,-46.0,-58.0,-56.0,-70.0,-66.0,-74.0,-72.0,-70.0,7
-34.0,-48.0,-46.0,-58.0,-56.0,-70.0,-64.0,-74.0,-72.0,-72.0,7
-34.0,-50.0,-46.0,-56.0,-54.0,-70.0,-66.0,-74.0,-70.0,-72.0,7
-34.0,-50.0,-46.0,-58.0,-54.0,-70.0,-64.0,-74.0,-70.0,-70.0,7
-34.0,-50.0,-46.0,-56.0,-56.0,-70.0,-64.0,-74.0,-74.0,-70.0,7
-34.0,-50.0,-46.0,-58.0,-54.0,-70.0,-64.0,-74.0,-72.0,-70.0,7
-34.0,-50.0,-46.0,-56.0,-56.0,-70.0,-62.0,-74.0,-72.0,-70.0,7
-34.0,-50.0,-46.0,-56.0,-54.0,-70.0,-66.0,-74.0,-74.0,-70.0,7
-34.0,-50.0,-46.0,-58.0,-56.0,-70.0,-64.0,-74.0,-74.0,-72.0,7
-34.0,-50.0,-46.0,-58.0,-56.0,-70.0,-64.0,-74.0,-72.0,-70.0,7
-34.0,-48.0,-46.0,-58.0,-56.0,-70.0,-62.0,-74.0,-72.0,-72.0,7
-34.0,-50.0,-46.0,-56.0,-56.0,-70.0,-64.0,-74.0,-70.0,-70.0,7
-34.0,-50.0,-46.0,-58.0,-56.0,-70.0,-64.0,-74.0,-74.0,-70.0,7
-34.0,-50.0,-46.0,-56.0,-56.0,-70.0,-64.0,-74.0,-74.0,-70.0,7
-34.0,-50.0,-46.0,-56.0,-56.0,-68.0,-64.0,-74.0,-72.0,-72.0,7
-34.0,-48.0,-46.0,-56.0,-56.0,-70.0,-62.0,-74.0,-72.0,-70.0,7
-36.0,-48.0,-46.0,-56.0,-56.0,-70.0,-66.0,-74.0,-72.0,-72.0,7
-34.0,-48.0,-46.0,-56.0,-56.0,-68.0,-64.0,-74.0,-74.0,-72.0,7
-34.0,-48.0,-44.0,-56.0,-56.0,-70.0,-62.0,-74.0,-72.0,-70.0,7
-34.0,-50.0,-46.0,-58.0,-56.0,-70.0,-66.0,-74.0,-70.0,-70.0,7
-34.0,-50.0,-46.0,-56.0,-56.0,-70.0,-64.0,-74.0,-74.0,-72.0,7
-34.0,-50.0,-46.0,-56.0,-56.0,-70.0,-66.0,-74.0,-72.0,-72.0,7
-36.0,-48.0,-46.0,-56.0,-56.0,-70.0,-64.0,-74.0,-70.0,-70.0,7
-34.0,-48.0,-46.0,-58.0,-56.0,-70.0,-62.0,-74.0,-70.0,-70.0,7
-34.0,-48.0,-46.0,-56.0,-56.0,-70.0,-66.0,-74.0,-72.0,-72.0,7
-34.0,-48.0,-46.0,-56.0,-56.0,-70.0,-64.0,-74.0,-72.0,-72.0,7
-34.0,-48.0,-46.0,-58.0,-54.0,-70.0,-66.0,-74.0,-72.0,-70.0,7
-34.0,-48.0,-46.0,-56.0,-54.0,-70.0,-64.0,-74.0,-70.0,-72.0,7
-34.0,-48.0,-46.0,-58.0,-54.0,-68.0,-64.0,-74.0,-74.0,-72.0,7
-34.0,-48.0,-46.0,-56.0,-54.0,-70.0,-64.0,-74.0,-72.0,-72.0,7
-34.0,-48.0,-46.0,-58.0,-56.0,-70.0,-66.0,-74.0,-70.0,-70.0,7
-34.0,-48.0,-46.0,-56.0,-56.0,-70.0,-66.0,-74.0,-74.0,-72.0,7
-34.0,-48.0,-46.0,-56.0,-54.0,-70.0,-64.0,-74.0,-72.0,-72.0,7
-34.0,-50.0,-46.0,-56.0,-56.0,-70.0,-66.0,-74.0,-72.0,-72.0,7
-34.0,-50.0,-46.0,-56.0,-56.0,-70.0,-64.0,-76.0,-74.0,-70.0,7
-34.0,-50.0,-46.0,-56.0,-52.0,-70.0,-64.0,-74.0,-72.0,-70.0,7
-34.0,-50.0,-46.0,-56.0,-56.0,-70.0,-64.0,-74.0,-74.0,-70.0,7
-34.0,-50.0,-46.0,-56.0,-56.0,-70.0,-64.0,-74.0,-72.0,-72.0,7
-34.0,-50.0,-46.0,-56.0,-56.0,-70.0,-64.0,-74.0,-72.0,-70.0,7
-34.0,-50.0,-46.0,-56.0,-56.0,-70.0,-64.0,-74.0,-72.0,-72.0,7
-34.0,-50.0,-46.0,-56.0,-54.0,-70.0,-64.0,-74.0,-72.0,-72.0,7
-34.0,-50.0,-46.0,-56.0,-56.0,-70.0,-64.0,-74.0,-72.0,-70.0,7
-38.0,-58.0,-46.0,-58.0,-60.0,-70.0,-64.0,-80.0,-80.0,-72.0,8
-38.0,-58.0,-48.0,-60.0,-60.0,-70.0,-66.0,-80.0,-80.0,-70.0,8
-38.0,-60.0,-46.0,-58.0,-60.0,-70.0,-64.0,-82.0,-78.0,-72.0,8
-38.0,-58.0,-46.0,-58.0,-60.0,-70.0,-66.0,-80.0,-78.0,-70.0,8
-38.0,-58.0,-46.0,-58.0,-60.0,-70.0,-66.0,-78.0,-78.0,-72.0,8
-38.0,-58.0,-48.0,-58.0,-60.0,-70.0,-64.0,-80.0,-78.0,-70.0,8
-38.0,-60.0,-46.0,-58.0,-60.0,-70.0,-62.0,-78.0,-78.0,-74.0,8
-38.0,-58.0,-46.0,-60.0,-58.0,-70.0,-64.0,-80.0,-80.0,-70.0,8
-38.0,-58.0,-46.0,-58.0,-60.0,-70.0,-64.0,-82.0,-78.0,-70.0,8
-38.0,-58.0,-46.0,-60.0,-60.0,-70.0,-64.0,-80.0,-80.0,-70.0,8
-38.0,-58.0,-46.0,-58.0,-60.0,-70.0,-64.0,-80.0,-78.0,-70.0,8
-38.0,-58.0,-46.0,-58.0,-60.0,-70.0,-64.0,-80.0,-78.0,-74.0,8
-38.0,-58.0,-46.0,-62.0,-60.0,-70.0,-64.0,-78.0,-80.0,-72.0,8
-38.0,-58.0,-46.0,-60.0,-60.0,-70.0,-66.0,-80.0,-80.0,-70.0,8
-38.0,-58.0,-46.0,-58.0,-60.0,-70.0,-68.0,-80.0,-80.0,-72.0,8
-38.0,-58.0,-46.0,-58.0,-60.0,-70.0,-68.0,-80.0,-78.0,-72.0,8
-38.0,-58.0,-46.0,-58.0,-60.0,-70.0,-64.0,-80.0,-80.0,-70.0,8
-38.0,-60.0,-46.0,-58.0,-60.0,-68.0,-64.0,-80.0,-78.0,-72.0,8
-38.0,-58.0,-46.0,-58.0,-60.0,-70.0,-64.0,-82.0,-78.0,-70.0,8
-38.0,-58.0,-48.0,-58.0,-60.0,-70.0,-64.0,-80.0,-78.0,-72.0,8
-38.0,-58.0,-46.0,-58.0,-60.0,-70.0,-66.0,-80.0,-78.0,-72.0,8
-38.0,-58.0,-46.0,-58.0,-60.0,-70.0,-64.0,-80.0,-78.0,-72.0,8
-38.0,-58.0,-46.0,-58.0,-60.0,-68.0,-64.0,-78.0,-78.0,-70.0,8
-38.0,-58.0,-46.0,-58.0,-60.0,-70.0,-64.0,-80.0,-78.0,-70.0,8
-38.0,-58.0,-48.0,-58.0,-58.0,-70.0,-66.0,-80.0,-78.0,-70.0,8
-38.0,-58.0,-48.0,-58.0,-60.0,-70.0,-64.0,-78.0,-78.0,-70.0,8
-38.0,-58.0,-48.0,-58.0,-60.0,-68.0,-66.0,-80.0,-80.0,-72.0,8
-38.0,-58.0,-46.0,-58.0,-60.0,-70.0,-64.0,-80.0,-78.0,-72.0,8
-38.0,-58.0,-46.0,-60.0,-60.0,-70.0,-68.0,-80.0,-78.0,-72.0,8
-38.0,-58.0,-48.0,-58.0,-60.0,-70.0,-64.0,-80.0,-80.0,-72.0,8
-38.0,-58.0,-46.0,-58.0,-58.0,-70.0,-66.0,-80.0,-78.0,-70.0,8
-38.0,-58.0,-48.0,-58.0,-60.0,-70.0,-66.0,-80.0,-80.0,-70.0,8
-38.0,-58.0,-48.0,-58.0,-60.0,-70.0,-66.0,-80.0,-80.0,-70.0,8
-38.0,-58.0,-46.0,-58.0,-60.0,-70.0,-64.0,-80.0,-78.0,-70.0,8
-38.0,-58.0,-46.0,-58.0,-60.0,-70.0,-66.0,-80.0,-80.0,-70.0,8
-38.0,-58.0,-48.0,-58.0,-60.0,-70.0,-66.0,-80.0,-78.0,-70.0,8
-38.0,-58.0,-46.0,-60.0,-58.0,-70.0,-62.0,-80.0,-80.0,-70.0,8
-38.0,-60.0,-48.0,-60.0,-60.0,-70.0,-64.0,-80.0,-80.0,-70.0,8
-38.0,-58.0,-48.0,-62.0,-60.0,-70.0,-64.0,-80.0,-80.0,-70.0,8
-38.0,-58.0,-46.0,-58.0,-60.0,-70.0,-66.0,-82.0,-78.0,-72.0,8
-38.0,-60.0,-48.0,-58.0,-60.0,-70.0,-66.0,-82.0,-78.0,-70.0,8
-38.0,-58.0,-48.0,-58.0,-60.0,-68.0,-62.0,-80.0,-78.0,-72.0,8
-38.0,-58.0,-48.0,-58.0,-60.0,-70.0,-64.0,-80.0,-80.0,-70.0,8
-38.0,-58.0,-48.0,-58.0,-60.0,-70.0,-62.0,-80.0,-78.0,-70.0,8
-38.0,-60.0,-48.0,-58.0,-60.0,-70.0,-64.0,-80.0,-78.0,-72.0,8
-38.0,-58.0,-48.0,-58.0,-58.0,-70.0,-66.0,-80.0,-78.0,-72.0,8
-38.0,-58.0,-48.0,-60.0,-60.0,-70.0,-68.0,-80.0,-78.0,-70.0,8
-38.0,-58.0,-48.0,-58.0,-60.0,-70.0,-66.0,-82.0,-78.0,-70.0,8
-38.0,-58.0,-46.0,-58.0,-58.0,-70.0,-64.0,-80.0,-78.0,-70.0,8
-40.0,-58.0,-46.0,-62.0,-60.0,-60.0,-68.0,-78.0,-70.0,-72.0,9
-40.0,-58.0,-46.0,-62.0,-60.0,-62.0,-68.0,-76.0,-70.0,-72.0,9
-40.0,-58.0,-46.0,-62.0,-60.0,-62.0,-68.0,-76.0,-70.0,-72.0,9
-40.0,-58.0,-46.0,-62.0,-60.0,-62.0,-66.0,-76.0,-72.0,-72.0,9
-40.0,-58.0,-46.0,-62.0,-60.0,-64.0,-68.0,-76.0,-70.0,-72.0,9
-42.0,-58.0,-46.0,-62.0,-58.0,-62.0,-68.0,-76.0,-70.0,-72.0,9
-40.0,-58.0,-46.0,-60.0,-60.0,-64.0,-68.0,-76.0,-70.0,-72.0,9
-40.0,-58.0,-44.0,-60.0,-58.0,-62.0,-68.0,-76.0,-72.0,-72.0,9
-40.0,-58.0,-46.0,-58.0,-58.0,-62.0,-68.0,-78.0,-70.0,-70.0,9
-40.0,-58.0,-46.0,-62.0,-58.0,-62.0,-68.0,-76.0,-70.0,-72.0,9
-40.0,-58.0,-46.0,-62.0,-58.0,-64.0,-68.0,-76.0,-70.0,-72.0,9
-40.0,-58.0,-46.0,-62.0,-58.0,-62.0,-68.0,-76.0,-70.0,-72.0,9
-40.0,-58.0,-46.0,-62.0,-60.0,-62.0,-68.0,-76.0,-70.0,-70.0,9
-40.0,-58.0,-46.0,-62.0,-60.0,-62.0,-68.0,-76.0,-70.0,-72.0,9
-40.0,-56.0,-46.0,-62.0,-60.0,-62.0,-68.0,-76.0,-70.0,-70.0,9
-40.0,-56.0,-46.0,-62.0,-58.0,-64.0,-68.0,-76.0,-72.0,-72.0,9
-40.0,-58.0,-46.0,-62.0,-60.0,-62.0,-68.0,-76.0,-70.0,-72.0,9
-40.0,-58.0,-46.0,-62.0,-58.0,-62.0,-68.0,-76.0,-70.0,-72.0,9
-40.0,-60.0,-44.0,-62.0,-58.0,-62.0,-68.0,-76.0,-70.0,-72.0,9
-38.0,-58.0,-46.0,-62.0,-58.0,-64.0,-68.0,-76.0,-72.0,-72.0,9
-40.0,-58.0,-46.0,-62.0,-58.0,-60.0,-68.0,-78.0,-68.0,-70.0,9
-40.0,-58.0,-46.0,-62.0,-58.0,-62.0,-68.0,-76.0,-70.0,-72.0,9
-40.0,-58.0,-46.0,-62.0,-60.0,-62.0,-68.0,-76.0,-70.0,-72.0,9
-42.0,-58.0,-44.0,-62.0,-58.0,-62.0,-68.0,-76.0,-70.0,-70.0,9
-40.0,-58.0,-46.0,-62.0,-58.0,-62.0,-68.0,-76.0,-72.0,-72.0,9
-40.0,-58.0,-46.0,-62.0,-58.0,-62.0,-68.0,-76.0,-70.0,-72.0,9
-40.0,-56.0,-46.0,-62.0,-58.0,-62.0,-68.0,-76.0,-70.0,-72.0,9
-40.0,-60.0,-44.0,-62.0,-58.0,-60.0,-68.0,-76.0,-70.0,-72.0,9
-40.0,-58.0,-44.0,-62.0,-58.0,-62.0,-68.0,-76.0,-70.0,-72.0,9
-40.0,-58.0,-46.0,-62.0,-60.0,-60.0,-68.0,-76.0,-70.0,-70.0,9
-40.0,-58.0,-46.0,-62.0,-58.0,-64.0,-68.0,-78.0,-72.0,-72.0,9
-40.0,-60.0,-44.0,-62.0,-58.0,-62.0,-68.0,-76.0,-70.0,-70.0,9
-40.0,-58.0,-44.0,-62.0,-58.0,-62.0,-68.0,-76.0,-70.0,-72.0,9
-40.0,-58.0,-46.0,-62.0,-58.0,-62.0,-68.0,-76.0,-70.0,-72.0,9
-40.0,-60.0,-46.0,-60.0,-58.0,-62.0,-68.0,-76.0,-70.0,-72.0,9
-40.0,-58.0,-46.0,-62.0,-58.0,-62.0,-68.0,-76.0,-70.0,-72.0,9
-40.0,-58.0,-46.0,-62.0,-58.0,-62.0,-68.0,-76.0,-72.0,-72.0,9
-40.0,-58.0,-46.0,-60.0,-58.0,-62.0,-68.0,-78.0,-70.0,-70.0,9
-40.0,-58.0,-46.0,-62.0,-58.0,-62.0,-68.0,-76.0,-70.0,-72.0,9
-40.0,-58.0,-46.0,-60.0,-58.0,-62.0,-68.0,-76.0,-70.0,-72.0,9
-40.0,-58.0,-46.0,-58.0,-60.0,-62.0,-68.0,-76.0,-70.0,-72.0,9
-42.0,-60.0,-46.0,-62.0,-58.0,-64.0,-68.0,-76.0,-70.0,-72.0,9
-40.0,-58.0,-46.0,-62.0,-58.0,-64.0,-68.0,-76.0,-70.0,-72.0,9
-40.0,-60.0,-46.0,-62.0,-60.0,-62.0,-68.0,-76.0,-70.0,-72.0,9
-40.0,-60.0,-46.0,-62.0,-60.0,-62.0,-68.0,-78.0,-70.0,-72.0,9
-40.0,-56.0,-46.0,-62.0,-58.0,-62.0,-68.0,-76.0,-70.0,-72.0,9
-40.0,-58.0,-46.0,-62.0,-60.0,-62.0,-68.0,-78.0,-70.0,-70.0,9
-40.0,-58.0,-46.0,-62.0,-60.0,-62.0,-68.0,-76.0,-70.0,-72.0,9
-82.0,-58.0,-46.0,-62.0,-58.0,-64.0,-68.0,-76.0,-72.0,-72.0,9
-36.0,-54.0,-44.0,-58.0,-50.0,-66.0,-66.0,-76.0,-76.0,-74.0,10
-36.0,-52.0,-44.0,-58.0,-52.0,-66.0,-66.0,-76.0,-76.0,-74.0,10
-36.0,-52.0,-44.0,-56.0,-52.0,-66.0,-64.0,-76.0,-74.0,-74.0,10
-38.0,-54.0,-44.0,-58.0,-50.0,-64.0,-66.0,-76.0,-74.0,-74.0,10
-36.0,-54.0,-44.0,-58.0,-54.0,-64.0,-66.0,-76.0,-74.0,-74.0,10
-36.0,-54.0,-44.0,-58.0,-52.0,-66.0,-64.0,-76.0,-76.0,-74.0,10
-36.0,-54.0,-44.0,-58.0,-52.0,-66.0,-66.0,-76.0,-76.0,-76.0,10
-38.0,-54.0,-44.0,-56.0,-52.0,-66.0,-66.0,-76.0,-74.0,-74.0,10
-36.0,-54.0,-44.0,-56.0,-52.0,-66.0,-64.0,-76.0,-76.0,-74.0,10
-38.0,-54.0,-44.0,-58.0,-54.0,-66.0,-64.0,-76.0,-74.0,-76.0,10
-36.0,-54.0,-44.0,-56.0,-52.0,-68.0,-62.0,-76.0,-76.0,-74.0,10
-38.0,-54.0,-44.0,-58.0,-52.0,-66.0,-66.0,-76.0,-76.0,-72.0,10
-38.0,-54.0,-44.0,-56.0,-52.0,-66.0,-66.0,-76.0,-76.0,-74.0,10
-36.0,-52.0,-44.0,-56.0,-54.0,-66.0,-66.0,-76.0,-76.0,-74.0,10
-38.0,-54.0,-44.0,-56.0,-52.0,-66.0,-64.0,-76.0,-78.0,-74.0,10
-38.0,-54.0,-44.0,-56.0,-52.0,-66.0,-64.0,-76.0,-76.0,-72.0,10
-36.0,-54.0,-44.0,-56.0,-52.0,-66.0,-66.0,-76.0,-74.0,-72.0,10
-36.0,-52.0,-44.0,-56.0,-52.0,-68.0,-64.0,-76.0,-76.0,-74.0,10
-38.0,-54.0,-44.0,-56.0,-52.0,-66.0,-66.0,-76.0,-76.0,-74.0,10
-36.0,-54.0,-44.0,-56.0,-54.0,-66.0,-66.0,-76.0,-76.0,-74.0,10
-38.0,-54.0,-44.0,-56.0,-52.0,-66.0,-66.0,-76.0,-76.0,-76.0,10
-36.0,-54.0,-44.0,-56.0,-52.0,-66.0,-66.0,-76.0,-76.0,-74.0,10
-38.0,-54.0,-44.0,-56.0,-52.0,-66.0,-66.0,-76.0,-76.0,-74.0,10
-36.0,-54.0,-44.0,-56.0,-54.0,-66.0,-66.0,-76.0,-74.0,-74.0,10
-36.0,-54.0,-44.0,-56.0,-52.0,-66.0,-66.0,-74.0,-76.0,-72.0,10
-36.0,-54.0,-44.0,-58.0,-52.0,-66.0,-64.0,-76.0,-74.0,-74.0,10
-36.0,-54.0,-44.0,-58.0,-52.0,-66.0,-64.0,-76.0,-76.0,-74.0,10
-36.0,-54.0,-44.0,-58.0,-52.0,-64.0,-66.0,-76.0,-74.0,-74.0,10
-36.0,-52.0,-44.0,-58.0,-52.0,-66.0,-66.0,-74.0,-76.0,-76.0,10
-36.0,-52.0,-44.0,-58.0,-50.0,-66.0,-64.0,-76.0,-76.0,-74.0,10
-36.0,-54.0,-44.0,-58.0,-54.0,-66.0,-66.0,-76.0,-76.0,-74.0,10
-36.0,-52.0,-44.0,-58.0,-52.0,-66.0,-66.0,-76.0,-76.0,-76.0,10
-36.0,-54.0,-44.0,-56.0,-54.0,-66.0,-64.0,-76.0,-76.0,-74.0,10
-38.0,-54.0,-46.0,-58.0,-52.0,-66.0,-66.0,-76.0,-76.0,-74.0,10
-36.0,-54.0,-44.0,-56.0,-50.0,-66.0,-66.0,-76.0,-74.0,-74.0,10
-38.0,-54.0,-44.0,-58.0,-52.0,-66.0,-64.0,-76.0,-76.0,-74.0,10
-36.0,-54.0,-44.0,-58.0,-50.0,-66.0,-66.0,-76.0,-76.0,-74.0,10
-36.0,-54.0,-44.0,-56.0,-52.0,-66.0,-66.0,-76.0,-76.0,-74.0,10
-38.0,-54.0,-44.0,-58.0,-52.0,-68.0,-66.0,-76.0,-76.0,-74.0,10
-36.0,-54.0,-44.0,-56.0,-52.0,-66.0,-64.0,-76.0,-76.0,-76.0,10
-38.0,-54.0,-44.0,-58.0,-52.0,-66.0,-66.0,-76.0,-76.0,-74.0,10
-38.0,-52.0,-44.0,-58.0,-52.0,-66.0,-64.0,-76.0,-76.0,-74.0,10
-38.0,-52.0,-44.0,-58.0,-52.0,-66.0,-66.0,-76.0,-76.0,-74.0,10
-38.0,-52.0,-44.0,-56.0,-54.0,-66.0,-66.0,-76.0,-76.0,-74.0,10
-38.0,-52.0,-44.0,-56.0,-52.0,-66.0,-64.0,-76.0,-76.0,-74.0,10
-38.0,-54.0,-44.0,-56.0,-52.0,-66.0,-66.0,-76.0,-76.0,-74.0,10
-36.0,-54.0,-44.0,-58.0,-52.0,-66.0,-66.0,-76.0,-76.0,-74.0,10
-38.0,-54.0,-44.0,-56.0,-52.0,-66.0,-66.0,-76.0,-76.0,-76.0,10
-36.0,-54.0,-44.0,-56.0,-54.0,-66.0,-66.0,-76.0,-76.0,-74.0,10
-40.0,-54.0,-36.0,-52.0,-48.0,-64.0,-68.0,-72.0,-70.0,-68.0,11
-40.0,-56.0,-36.0,-52.0,-50.0,-64.0,-66.0,-72.0,-70.0,-68.0,11
-40.0,-56.0,-36.0,-52.0,-48.0,-64.0,-68.0,-72.0,-70.0,-68.0,11
-38.0,-52.0,-38.0,-52.0,-50.0,-64.0,-68.0,-70.0,-70.0,-70.0,11
-40.0,-54.0,-38.0,-52.0,-50.0,-64.0,-66.0,-70.0,-68.0,-68.0,11
-40.0,-54.0,-38.0,-52.0,-50.0,-64.0,-68.0,-70.0,-70.0,-68.0,11
-40.0,-54.0,-36.0,-52.0,-50.0,-64.0,-66.0,-70.0,-70.0,-68.0,11
-38.0,-56.0,-36.0,-50.0,-50.0,-64.0,-66.0,-72.0,-70.0,-68.0,11
-40.0,-56.0,-38.0,-50.0,-50.0,-64.0,-68.0,-70.0,-68.0,-68.0,11
-40.0,-54.0,-36.0,-50.0,-50.0,-64.0,-66.0,-70.0,-70.0,-68.0,11
-40.0,-54.0,-38.0,-52.0,-50.0,-64.0,-66.0,-70.0,-68.0,-68.0,11
-38.0,-54.0,-38.0,-50.0,-50.0,-64.0,-68.0,-70.0,-70.0,-68.0,11
-40.0,-54.0,-36.0,-52.0,-50.0,-64.0,-68.0,-70.0,-68.0,-70.0,11
-40.0,-54.0,-38.0,-52.0,-48.0,-64.0,-68.0,-72.0,-70.0,-68.0,11
-40.0,-54.0,-38.0,-52.0,-50.0,-66.0,-66.0,-70.0,-70.0,-70.0,11
-40.0,-54.0,-36.0,-52.0,-50.0,-64.0,-68.0,-72.0,-68.0,-68.0,11
-40.0,-56.0,-38.0,-52.0,-50.0,-64.0,-68.0,-72.0,-70.0,-68.0,11
-40.0,-54.0,-38.0,-52.0,-50.0,-64.0,-66.0,-68.0,-70.0,-68.0,11
-40.0,-52.0,-38.0,-50.0,-50.0,-66.0,-68.0,-68.0,-68.0,-70.0,11
-40.0,-54.0,-38.0,-50.0,-50.0,-64.0,-66.0,-70.0,-68.0,-68.0,11
-40.0,-54.0,-38.0,-52.0,-50.0,-64.0,-66.0,-70.0,-70.0,-68.0,11
-40.0,-54.0,-36.0,-50.0,-50.0,-64.0,-68.0,-70.0,-70.0,-68.0,11
-40.0,-54.0,-38.0,-52.0,-50.0,-64.0,-66.0,-72.0,-70.0,-70.0,11
-40.0,-56.0,-36.0,-52.0,-50.0,-64.0,-66.0,-70.0,-68.0,-68.0,11
-40.0,-52.0,-38.0,-52.0,-50.0,-64.0,-68.0,-72.0,-70.0,-68.0,11
-40.0,-54.0,-38.0,-52.0,-48.0,-64.0,-68.0,-70.0,-68.0,-68.0,11
-40.0,-54.0,-38.0,-52.0,-50.0,-64.0,-66.0,-72.0,-70.0,-68.0,11
-40.0,-54.0,-38.0,-52.0,-50.0,-64.0,-66.0,-72.0,-70.0,-68.0,11
-40.0,-54.0,-38.0,-52.0,-50.0,-64.0,-66.0,-72.0,-70.0,-68.0,11
-40.0,-54.0,-38.0,-52.0,-50.0,-64.0,-68.0,-70.0,-70.0,-68.0,11
-40.0,-56.0,-38.0,-52.0,-48.0,-66.0,-68.0,-70.0,-70.0,-68.0,11
-40.0,-54.0,-36.0,-50.0,-50.0,-64.0,-66.0,-72.0,-70.0,-68.0,11
-40.0,-52.0,-36.0,-52.0,-50.0,-64.0,-68.0,-68.0,-70.0,-68.0,11
-40.0,-54.0,-36.0,-52.0,-50.0,-64.0,-66.0,-68.0,-70.0,-68.0,11
-40.0,-54.0,-36.0,-52.0,-50.0,-64.0,-68.0,-72.0,-70.0,-70.0,11
-40.0,-54.0,-38.0,-52.0,-50.0,-64.0,-68.0,-70.0,-70.0,-68.0,11
-40.0,-56.0,-38.0,-52.0,-50.0,-64.0,-68.0,-70.0,-70.0,-68.0,11
-40.0,-56.0,-38.0,-52.0,-50.0,-64.0,-66.0,-70.0,-70.0,-68.0,11
-40.0,-54.0,-38.0,-52.0,-50.0,-62.0,-66.0,-72.0,-70.0,-68.0,11
-40.0,-54.0,-38.0,-52.0,-50.0,-64.0,-66.0,-70.0,-70.0,-68.0,11
-40.0,-54.0,-38.0,-52.0,-50.0,-64.0,-68.0,-72.0,-70.0,-68.0,11
-40.0,-54.0,-38.0,-52.0,-50.0,-64.0,-68.0,-68.0,-70.0,-68.0,11
-40.0,-54.0,-38.0,-50.0,-50.0,-64.0,-64.0,-72.0,-70.0,-68.0,11
-40.0,-54.0,-38.0,-50.0,-50.0,-64.0,-68.0,-70.0,-70.0,-68.0,11
-40.0,-54.0,-38.0,-50.0,-50.0,-64.0,-66.0,-70.0,-70.0,-68.0,11
-40.0,-54.0,-38.0,-52.0,-50.0,-64.0,-68.0,-72.0,-70.0,-68.0,11
-38.0,-54.0,-38.0,-52.0,-50.0,-64.0,-66.0,-70.0,-70.0,-68.0,11
-38.0,-54.0,-38.0,-52.0,-48.0,-64.0,-68.0,-70.0,-70.0,-68.0,11
-40.0,-54.0,-36.0,-52.0,-50.0,-64.0,-66.0,-68.0,-70.0,-68.0,11
-42.0,-60.0,-36.0,-56.0,-54.0,-66.0,-62.0,-78.0,-74.0,-72.0,12
-42.0,-58.0,-36.0,-56.0,-52.0,-66.0,-64.0,-80.0,-74.0,-72.0,12
-42.0,-58.0,-36.0,-56.0,-52.0,-66.0,-64.0,-78.0,-74.0,-70.0,12
-44.0,-60.0,-36.0,-56.0,-52.0,-66.0,-64.0,-78.0,-74.0,-70.0,12
-42.0,-58.0,-36.0,-56.0,-52.0,-66.0,-64.0,-78.0,-74.0,-70.0,12
-42.0,-60.0,-36.0,-56.0,-52.0,-66.0,-64.0,-80.0,-74.0,-70.0,12
-42.0,-60.0,-36.0,-56.0,-52.0,-66.0,-66.0,-78.0,-74.0,-70.0,12
-42.0,-60.0,-36.0,-56.0,-52.0,-68.0,-64.0,-78.0,-74.0,-70.0,12
-42.0,-60.0,-36.0,-56.0,-52.0,-68.0,-64.0,-78.0,-74.0,-70.0,12
-42.0,-58.0,-36.0,-56.0,-52.0,-66.0,-64.0,-78.0,-74.0,-72.0,12
-42.0,-60.0,-36.0,-56.0,-52.0,-66.0,-64.0,-78.0,-74.0,-72.0,12
-42.0,-58.0,-36.0,-56.0,-52.0,-66.0,-62.0,-78.0,-74.0,-70.0,12
-42.0,-58.0,-36.0,-56.0,-52.0,-66.0,-64.0,-78.0,-76.0,-70.0,12
-42.0,-58.0,-36.0,-58.0,-52.0,-64.0,-64.0,-80.0,-74.0,-70.0,12
-42.0,-60.0,-36.0,-56.0,-52.0,-66.0,-64.0,-78.0,-74.0,-70.0,12
-42.0,-60.0,-36.0,-56.0,-52.0,-66.0,-62.0,-78.0,-74.0,-70.0,12
-42.0,-58.0,-36.0,-56.0,-52.0,-66.0,-64.0,-78.0,-74.0,-70.0,12
-42.0,-60.0,-36.0,-56.0,-52.0,-66.0,-66.0,-80.0,-74.0,-70.0,12
-42.0,-60.0,-36.0,-56.0,-52.0,-66.0,-64.0,-80.0,-74.0,-70.0,12
-42.0,-60.0,-36.0,-56.0,-52.0,-66.0,-64.0,-78.0,-72.0,-72.0,12
-42.0,-60.0,-36.0,-56.0,-52.0,-66.0,-62.0,-80.0,-74.0,-70.0,12
-42.0,-60.0,-36.0,-56.0,-52.0,-66.0,-64.0,-76.0,-74.0,-70.0,12
-42.0,-60.0,-36.0,-56.0,-52.0,-66.0,-64.0,-76.0,-74.0,-70.0,12
-42.0,-60.0,-36.0,-56.0,-52.0,-66.0,-64.0,-78.0,-74.0,-70.0,12
-42.0,-60.0,-36.0,-56.0,-52.0,-66.0,-66.0,-80.0,-74.0,-70.0,12
-42.0,-58.0,-36.0,-56.0,-52.0,-66.0,-64.0,-80.0,-74.0,-70.0,12
-42.0,-58.0,-36.0,-56.0,-52.0,-66.0,-64.0,-80.0,-74.0,-70.0,12
-42.0,-60.0,-36.0,-56.0,-52.0,-66.0,-64.0,-76.0,-74.0,-70.0,12
-42.0,-60.0,-36.0,-56.0,-52.0,-68.0,-64.0,-78.0,-74.0,-72.0,12
-42.0,-58.0,-34.0,-56.0,-52.0,-68.0,-64.0,-78.0,-74.0,-70.0,12
-42.0,-60.0,-36.0,-56.0,-52.0,-66.0,-64.0,-78.0,-74.0,-70.0,12
-42.0,-58.0,-34.0,-56.0,-52.0,-68.0,-64.0,-80.0,-74.0,-70.0,12
-42.0,-58.0,-34.0,-56.0,-52.0,-66.0,-64.0,-76.0,-72.0,-70.0,12
-42.0,-60.0,-34.0,-56.0,-52.0,-68.0,-62.0,-80.0,-74.0,-70.0,12
-42.0,-60.0,-34.0,-56.0,-52.0,-66.0,-64.0,-78.0,-74.0,-70.0,12
-40.0,-60.0,-34.0,-58.0,-52.0,-66.0,-64.0,-76.0,-74.0,-70.0,12
-42.0,-60.0,-36.0,-56.0,-52.0,-68.0,-64.0,-80.0,-74.0,-70.0,12
-42.0,-58.0,-36.0,-56.0,-52.0,-68.0,-62.0,-80.0,-74.0,-72.0,12
-42.0,-58.0,-36.0,-56.0,-52.0,-68.0,-64.0,-80.0,-74.0,-70.0,12
-42.0,-58.0,-36.0,-56.0,-52.0,-66.0,-64.0,-80.0,-74.0,-70.0,12
-42.0,-60.0,-34.0,-56.0,-52.0,-68.0,-64.0,-80.0,-74.0,-70.0,12
-42.0,-60.0,-36.0,-56.0,-52.0,-68.0,-64.0,-80.0,-74.0,-70.0,12
-42.0,-58.0,-36.0,-56.0,-52.0,-68.0,-64.0,-80.0,-74.0,-70.0,12
-42.0,-58.0,-36.0,-56.0,-52.0,-64.0,-64.0,-80.0,-74.0,-72.0,12
-42.0,-60.0,-36.0,-58.0,-52.0,-68.0,-64.0,-80.0,-74.0,-70.0,12
-42.0,-58.0,-34.0,-56.0,-52.0,-66.0,-64.0,-80.0,-74.0,-70.0,12
-42.0,-60.0,-34.0,-56.0,-52.0,-66.0,-64.0,-78.0,-74.0,-70.0,12
-42.0,-60.0,-34.0,-56.0,-52.0,-64.0,-64.0,-80.0,-74.0,-70.0,12
-42.0,-60.0,-36.0,-56.0,-52.0,-66.0,-64.0,-80.0,-74.0,-70.0,12
-44.0,-58.0,-40.0,-60.0,-56.0,-68.0,-66.0,-72.0,-70.0,-72.0,13
-44.0,-60.0,-40.0,-62.0,-56.0,-68.0,-66.0,-70.0,-68.0,-74.0,13
-44.0,-58.0,-40.0,-62.0,-56.0,-68.0,-66.0,-70.0,-70.0,-72.0,13
-44.0,-60.0,-40.0,-62.0,-56.0,-68.0,-64.0,-70.0,-66.0,-74.0,13
-44.0,-60.0,-40.0,-62.0,-56.0,-68.0,-64.0,-70.0,-68.0,-72.0,13
-44.0,-60.0,-40.0,-62.0,-56.0,-68.0,-64.0,-72.0,-70.0,-74.0,13
-44.0,-60.0,-40.0,-60.0,-56.0,-66.0,-64.0,-72.0,-70.0,-72.0,13
-44.0,-60.0,-40.0,-62.0,-56.0,-66.0,-64.0,-72.0,-70.0,-72.0,13
-44.0,-60.0,-38.0,-62.0,-56.0,-68.0,-66.0,-72.0,-68.0,-72.0,13
-44.0,-58.0,-40.0,-62.0,-56.0,-68.0,-64.0,-72.0,-68.0,-72.0,13
-44.0,-60.0,-38.0,-62.0,-56.0,-68.0,-64.0,-72.0,-70.0,-72.0,13
-44.0,-60.0,-40.0,-62.0,-56.0,-68.0,-66.0,-72.0,-70.0,-72.0,13
-44.0,-60.0,-40.0,-62.0,-56.0,-68.0,-64.0,-70.0,-64.0,-72.0,13
-44.0,-60.0,-40.0,-62.0,-56.0,-68.0,-66.0,-72.0,-70.0,-72.0,13
-44.0,-60.0,-40.0,-60.0,-56.0,-68.0,-66.0,-72.0,-70.0,-72.0,13
-44.0,-60.0,-40.0,-60.0,-56.0,-68.0,-64.0,-72.0,-72.0,-72.0,13
-44.0,-60.0,-40.0,-62.0,-56.0,-68.0,-64.0,-72.0,-68.0,-72.0,13
-42.0,-60.0,-38.0,-60.0,-56.0,-68.0,-64.0,-72.0,-70.0,-72.0,13
-44.0,-60.0,-40.0,-62.0,-56.0,-68.0,-66.0,-72.0,-68.0,-72.0,13
-44.0,-60.0,-38.0,-62.0,-56.0,-68.0,-64.0,-72.0,-70.0,-72.0,13
-44.0,-60.0,-40.0,-62.0,-56.0,-68.0,-64.0,-72.0,-68.0,-72.0,13
-44.0,-58.0,-40.0,-62.0,-56.0,-68.0,-64.0,-72.0,-70.0,-72.0,13
-44.0,-60.0,-40.0,-62.0,-56.0,-68.0,-66.0,-72.0,-68.0,-72.0,13
-42.0,-60.0,-40.0,-60.0,-54.0,-68.0,-66.0,-72.0,-70.0,-72.0,13
-44.0,-60.0,-38.0,-62.0,-56.0,-68.0,-66.0,-72.0,-68.0,-72.0,13
-44.0,-60.0,-40.0,-62.0,-56.0,-68.0,-66.0,-72.0,-68.0,-72.0,13
-44.0,-60.0,-40.0,-62.0,-56.0,-68.0,-64.0,-72.0,-68.0,-72.0,13
-42.0,-60.0,-40.0,-62.0,-54.0,-68.0,-66.0,-72.0,-68.0,-72.0,13
-44.0,-60.0,-38.0,-60.0,-56.0,-68.0,-66.0,-72.0,-68.0,-72.0,13
-44.0,-58.0,-40.0,-62.0,-56.0,-68.0,-64.0,-72.0,-68.0,-72.0,13
-44.0,-60.0,-40.0,-62.0,-56.0,-68.0,-66.0,-72.0,-70.0,-72.0,13
-44.0,-60.0,-40.0,-62.0,-56.0,-68.0,-64.0,-72.0,-70.0,-72.0,13
-44.0,-60.0,-40.0,-62.0,-58.0,-68.0,-64.0,-72.0,-68.0,-72.0,13
-44.0,-58.0,-38.0,-62.0,-58.0,-68.0,-66.0,-72.0,-70.0,-72.0,13
-44.0,-60.0,-40.0,-62.0,-56.0,-66.0,-66.0,-72.0,-68.0,-72.0,13
-44.0,-60.0,-40.0,-62.0,-56.0,-66.0,-64.0,-72.0,-70.0,-72.0,13
-44.0,-60.0,-40.0,-62.0,-56.0,-68.0,-64.0,-72.0,-70.0,-72.0,13
-44.0,-58.0,-40.0,-62.0,-56.0,-66.0,-66.0,-72.0,-70.0,-72.0,13
-44.0,-58.0,-40.0,-62.0,-54.0,-68.0,-66.0,-72.0,-70.0,-72.0,13
-44.0,-58.0,-40.0,-60.0,-56.0,-68.0,-64.0,-72.0,-70.0,-72.0,13
-44.0,-58.0,-40.0,-60.0,-56.0,-68.0,-66.0,-72.0,-70.0,-72.0,13
-44.0,-58.0,-38.0,-62.0,-56.0,-66.0,-64.0,-72.0,-70.0,-72.0,13
-42.0,-58.0,-38.0,-62.0,-56.0,-68.0,-66.0,-72.0,-70.0,-72.0,13
-44.0,-60.0,-40.0,-62.0,-56.0,-68.0,-64.0,-72.0,-70.0,-72.0,13
-44.0,-60.0,-40.0,-62.0,-56.0,-68.0,-64.0,-70.0,-70.0,-72.0,13
-44.0,-60.0,-38.0,-60.0,-56.0,-68.0,-64.0,-72.0,-70.0,-72.0,13
-44.0,-60.0,-40.0,-62.0,-56.0,-68.0,-64.0,-72.0,-70.0,-72.0,13
-44.0,-60.0,-40.0,-60.0,-56.0,-68.0,-64.0,-72.0,-70.0,-72.0,13
-44.0,-58.0,-40.0,-62.0,-56.0,-68.0,-64.0,-72.0,-70.0,-72.0,13
-44.0,-60.0,-40.0,-56.0,-54.0,-68.0,-66.0,-76.0,-66.0,-70.0,14
-42.0,-60.0,-40.0,-58.0,-54.0,-70.0,-66.0,-76.0,-68.0,-72.0,14
-42.0,-60.0,-40.0,-58.0,-54.0,-70.0,-66.0,-76.0,-66.0,-72.0,14
-42.0,-60.0,-40.0,-58.0,-54.0,-68.0,-68.0,-76.0,-68.0,-72.0,14
-44.0,-60.0,-40.0,-56.0,-54.0,-70.0,-66.0,-76.0,-66.0,-72.0,14
-44.0,-60.0,-40.0,-56.0,-52.0,-68.0,-66.0,-80.0,-68.0,-72.0,14
-44.0,-60.0,-40.0,-58.0,-54.0,-70.0,-68.0,-76.0,-68.0,-72.0,14
-42.0,-60.0,-40.0,-58.0,-54.0,-68.0,-66.0,-76.0,-66.0,-72.0,14
-42.0,-60.0,-40.0,-56.0,-54.0,-70.0,-66.0,-76.0,-66.0,-70.0,14
-42.0,-60.0,-40.0,-56.0,-52.0,-68.0,-66.0,-76.0,-66.0,-72.0,14
-42.0,-60.0,-40.0,-56.0,-56.0,-68.0,-66.0,-76.0,-68.0,-72.0,14
-44.0,-60.0,-40.0,-58.0,-54.0,-70.0,-66.0,-76.0,-64.0,-72.0,14
-44.0,-60.0,-40.0,-58.0,-54.0,-70.0,-68.0,-80.0,-66.0,-72.0,14
-44.0,-60.0,-40.0,-58.0,-54.0,-70.0,-66.0,-78.0,-68.0,-72.0,14
-44.0,-60.0,-40.0,-56.0,-54.0,-70.0,-66.0,-78.0,-68.0,-72.0,14
-44.0,-60.0,-40.0,-56.0,-54.0,-70.0,-66.0,-78.0,-66.0,-72.0,14
-44.0,-60.0,-40.0,-56.0,-52.0,-70.0,-66.0,-78.0,-68.0,-70.0,14
-42.0,-60.0,-40.0,-58.0,-54.0,-68.0,-66.0,-76.0,-66.0,-72.0,14
-42.0,-60.0,-40.0,-58.0,-54.0,-70.0,-66.0,-78.0,-66.0,-72.0,14
-44.0,-58.0,-40.0,-56.0,-54.0,-70.0,-66.0,-76.0,-66.0,-72.0,14
-44.0,-60.0,-40.0,-58.0,-54.0,-68.0,-66.0,-76.0,-68.0,-72.0,14
-44.0,-60.0,-40.0,-58.0,-52.0,-70.0,-66.0,-78.0,-68.0,-72.0,14
-44.0,-60.0,-40.0,-58.0,-54.0,-68.0,-66.0,-78.0,-66.0,-72.0,14
-44.0,-60.0,-40.0,-58.0,-54.0,-70.0,-66.0,-78.0,-66.0,-72.0,14
-44.0,-60.0,-40.0,-56.0,-54.0,-70.0,-66.0,-76.0,-68.0,-72.0,14
-44.0,-60.0,-40.0,-56.0,-54.0,-68.0,-66.0,-76.0,-66.0,-72.0,14
-44.0,-60.0,-40.0,-56.0,-54.0,-68.0,-68.0,-78.0,-66.0,-72.0,14
-44.0,-60.0,-40.0,-58.0,-54.0,-70.0,-68.0,-76.0,-66.0,-72.0,14
-44.0,-60.0,-40.0,-58.0,-54.0,-70.0,-66.0,-78.0,-64.0,-72.0,14
-44.0,-60.0,-40.0,-56.0,-54.0,-70.0,-66.0,-76.0,-68.0,-72.0,14
-44.0,-60.0,-40.0,-56.0,-54.0,-70.0,-66.0,-78.0,-66.0,-72.0,14
-42.0,-60.0,-40.0,-56.0,-54.0,-70.0,-66.0,-76.0,-66.0,-72.0,14
-42.0,-60.0,-40.0,-56.0,-52.0,-70.0,-68.0,-78.0,-66.0,-70.0,14
-44.0,-60.0,-40.0,-56.0,-54.0,-68.0,-66.0,-78.0,-66.0,-72.0,14
-44.0,-60.0,-40.0,-58.0,-54.0,-70.0,-66.0,-78.0,-66.0,-72.0,14
-44.0,-60.0,-40.0,-56.0,-54.0,-70.0,-68.0,-78.0,-66.0,-72.0,14
-44.0,-60.0,-40.0,-56.0,-54.0,-68.0,-66.0,-76.0,-66.0,-72.0,14
-44.0,-60.0,-40.0,-56.0,-54.0,-70.0,-68.0,-78.0,-66.0,-70.0,14
-44.0,-60.0,-40.0,-58.0,-52.0,-70.0,-66.0,-76.0,-66.0,-70.0,14
-44.0,-60.0,-40.0,-56.0,-54.0,-70.0,-66.0,-76.0,-66.0,-72.0,14
-44.0,-60.0,-40.0,-58.0,-54.0,-66.0,-66.0,-76.0,-66.0,-72.0,14
-42.0,-60.0,-40.0,-58.0,-52.0,-68.0,-66.0,-76.0,-66.0,-72.0,14
-44.0,-60.0,-40.0,-56.0,-52.0,-70.0,-66.0,-76.0,-66.0,-70.0,14
-42.0,-60.0,-40.0,-56.0,-52.0,-70.0,-66.0,-76.0,-66.0,-72.0,14
-42.0,-60.0,-40.0,-58.0,-52.0,-68.0,-66.0,-76.0,-66.0,-70.0,14
-44.0,-60.0,-40.0,-58.0,-54.0,-66.0,-68.0,-76.0,-66.0,-72.0,14
-42.0,-60.0,-40.0,-56.0,-54.0,-70.0,-66.0,-76.0,-66.0,-72.0,14
-44.0,-60.0,-40.0,-58.0,-54.0,-70.0,-66.0,-76.0,-66.0,-72.0,14
-42.0,-60.0,-40.0,-56.0,-54.0,-70.0,-66.0,-76.0,-66.0,-72.0,14
-50.0,-58.0,-48.0,-62.0,-50.0,-70.0,-64.0,-76.0,-66.0,-64.0,15
-50.0,-58.0,-48.0,-62.0,-52.0,-70.0,-64.0,-76.0,-62.0,-66.0,15
-48.0,-58.0,-48.0,-60.0,-52.0,-70.0,-64.0,-76.0,-66.0,-66.0,15
-50.0,-60.0,-48.0,-60.0,-52.0,-68.0,-64.0,-76.0,-66.0,-64.0,15
-50.0,-58.0,-46.0,-60.0,-52.0,-70.0,-62.0,-76.0,-66.0,-64.0,15
-50.0,-58.0,-48.0,-60.0,-52.0,-70.0,-64.0,-76.0,-66.0,-66.0,15
-50.0,-58.0,-48.0,-60.0,-52.0,-70.0,-64.0,-76.0,-66.0,-64.0,15
-50.0,-58.0,-48.0,-64.0,-52.0,-70.0,-64.0,-76.0,-66.0,-66.0,15
-50.0,-58.0,-46.0,-62.0,-52.0,-70.0,-64.0,-76.0,-66.0,-64.0,15
-50.0,-58.0,-48.0,-62.0,-52.0,-68.0,-64.0,-76.0,-66.0,-64.0,15
-50.0,-58.0,-48.0,-62.0,-52.0,-70.0,-64.0,-76.0,-66.0,-66.0,15
-50.0,-58.0,-46.0,-60.0,-52.0,-70.0,-64.0,-76.0,-66.0,-64.0,15
-50.0,-58.0,-48.0,-60.0,-52.0,-70.0,-64.0,-76.0,-66.0,-64.0,15
-48.0,-58.0,-48.0,-60.0,-52.0,-68.0,-64.0,-76.0,-66.0,-66.0,15
-50.0,-58.0,-46.0,-62.0,-52.0,-70.0,-64.0,-76.0,-66.0,-66.0,15
-50.0,-58.0,-48.0,-60.0,-50.0,-68.0,-64.0,-76.0,-66.0,-64.0,15
-50.0,-58.0,-48.0,-62.0,-52.0,-70.0,-64.0,-76.0,-66.0,-64.0,15
-48.0,-58.0,-48.0,-62.0,-52.0,-70.0,-64.0,-76.0,-66.0,-64.0,15
-50.0,-58.0,-46.0,-62.0,-52.0,-70.0,-64.0,-74.0,-66.0,-64.0,15
-50.0,-58.0,-48.0,-62.0,-52.0,-70.0,-64.0,-76.0,-66.0,-64.0,15
-48.0,-58.0,-46.0,-62.0,-52.0,-68.0,-64.0,-76.0,-66.0,-66.0,15
-48.0,-58.0,-48.0,-60.0,-52.0,-70.0,-64.0,-76.0,-66.0,-66.0,15
-50.0,-58.0,-48.0,-60.0,-52.0,-70.0,-64.0,-76.0,-66.0,-64.0,15
-50.0,-58.0,-48.0,-62.0,-52.0,-70.0,-64.0,-76.0,-66.0,-66.0,15
-50.0,-58.0,-48.0,-62.0,-52.0,-70.0,-64.0,-76.0,-66.0,-64.0,15
-48.0,-58.0,-48.0,-60.0,-52.0,-70.0,-64.0,-76.0,-66.0,-64.0,15
-50.0,-58.0,-46.0,-60.0,-52.0,-70.0,-64.0,-76.0,-66.0,-66.0,15
-50.0,-58.0,-48.0,-64.0,-52.0,-70.0,-62.0,-76.0,-66.0,-64.0,15
-48.0,-58.0,-48.0,-60.0,-52.0,-70.0,-64.0,-76.0,-66.0,-66.0,15
-50.0,-58.0,-48.0,-62.0,-52.0,-68.0,-64.0,-76.0,-66.0,-64.0,15
-50.0,-58.0,-48.0,-62.0,-52.0,-70.0,-64.0,-76.0,-66.0,-64.0,15
-50.0,-58.0,-46.0,-64.0,-52.0,-70.0,-64.0,-76.0,-66.0,-66.0,15
-50.0,-58.0,-48.0,-62.0,-52.0,-70.0,-64.0,-76.0,-66.0,-64.0,15
-50.0,-58.0,-48.0,-60.0,-52.0,-70.0,-64.0,-76.0,-66.0,-64.0,15
-50.0,-58.0,-48.0,-64.0,-52.0,-70.0,-64.0,-76.0,-66.0,-66.0,15
-50.0,-58.0,-46.0,-64.0,-52.0,-68.0,-64.0,-76.0,-66.0,-64.0,15
-50.0,-58.0,-46.0,-62.0,-52.0,-70.0,-64.0,-76.0,-66.0,-64.0,15
-50.0,-58.0,-46.0,-62.0,-52.0,-70.0,-64.0,-76.0,-66.0,-64.0,15
-50.0,-58.0,-46.0,-62.0,-52.0,-70.0,-62.0,-76.0,-66.0,-64.0,15
-50.0,-58.0,-48.0,-62.0,-52.0,-70.0,-64.0,-76.0,-66.0,-64.0,15
-50.0,-58.0,-48.0,-62.0,-52.0,-70.0,-62.0,-76.0,-66.0,-66.0,15
-50.0,-58.0,-48.0,-62.0,-52.0,-68.0,-64.0,-76.0,-66.0,-66.0,15
-50.0,-58.0,-48.0,-62.0,-52.0,-70.0,-64.0,-76.0,-66.0,-64.0,15
-50.0,-58.0,-48.0,-62.0,-52.0,-70.0,-62.0,-76.0,-66.0,-64.0,15
-48.0,-58.0,-46.0,-62.0,-52.0,-70.0,-64.0,-76.0,-66.0,-64.0,15
-50.0,-58.0,-46.0,-62.0,-52.0,-70.0,-64.0,-76.0,-66.0,-66.0,15
-50.0,-58.0,-48.0,-62.0,-52.0,-70.0,-64.0,-76.0,-66.0,-64.0,15
-50.0,-58.0,-48.0,-62.0,-52.0,-70.0,-64.0,-76.0,-66.0,-64.0,15
-48.0,-58.0,-48.0,-62.0,-52.0,-70.0,-64.0,-76.0,-66.0,-66.0,15
-54.0,-70.0,-52.0,-68.0,-48.0,-64.0,-60.0,-70.0,-68.0,-68.0,16
-54.0,-66.0,-52.0,-68.0,-50.0,-64.0,-60.0,-70.0,-68.0,-68.0,16
-54.0,-68.0,-52.0,-68.0,-48.0,-62.0,-60.0,-74.0,-68.0,-68.0,16
-52.0,-70.0,-52.0,-68.0,-50.0,-62.0,-58.0,-72.0,-68.0,-68.0,16
-54.0,-66.0,-50.0,-68.0,-48.0,-62.0,-60.0,-74.0,-68.0,-68.0,16
-54.0,-70.0,-52.0,-68.0,-50.0,-62.0,-60.0,-72.0,-68.0,-68.0,16
-54.0,-70.0,-50.0,-68.0,-50.0,-64.0,-60.0,-72.0,-68.0,-68.0,16
-54.0,-70.0,-52.0,-68.0,-50.0,-62.0,-60.0,-74.0,-68.0,-68.0,16
-54.0,-68.0,-50.0,-66.0,-48.0,-64.0,-60.0,-74.0,-68.0,-68.0,16
-54.0,-70.0,-52.0,-66.0,-50.0,-64.0,-60.0,-74.0,-68.0,-68.0,16
-54.0,-70.0,-52.0,-68.0,-50.0,-62.0,-60.0,-72.0,-68.0,-68.0,16
-54.0,-70.0,-52.0,-68.0,-48.0,-62.0,-60.0,-70.0,-68.0,-68.0,16
-54.0,-70.0,-52.0,-68.0,-48.0,-62.0,-60.0,-72.0,-68.0,-68.0,16
-54.0,-70.0,-52.0,-68.0,-50.0,-64.0,-60.0,-70.0,-68.0,-70.0,16
-54.0,-70.0,-52.0,-68.0,-50.0,-64.0,-58.0,-70.0,-68.0,-68.0,16
-54.0,-70.0,-52.0,-68.0,-50.0,-64.0,-60.0,-72.0,-68.0,-68.0,16
-52.0,-70.0,-50.0,-68.0,-48.0,-64.0,-60.0,-70.0,-68.0,-68.0,16
-54.0,-70.0,-52.0,-66.0,-48.0,-62.0,-58.0,-74.0,-68.0,-68.0,16
-54.0,-70.0,-52.0,-66.0,-50.0,-64.0,-60.0,-72.0,-68.0,-68.0,16
-54.0,-70.0,-52.0,-68.0,-50.0,-64.0,-60.0,-72.0,-68.0,-68.0,16
-54.0,-68.0,-52.0,-68.0,-50.0,-64.0,-60.0,-72.0,-68.0,-68.0,16
-54.0,-70.0,-50.0,-66.0,-48.0,-62.0,-60.0,-74.0,-68.0,-68.0,16
-54.0,-70.0,-52.0,-66.0,-48.0,-62.0,-60.0,-74.0,-68.0,-66.0,16
-54.0,-70.0,-52.0,-68.0,-48.0,-62.0,-60.0,-72.0,-68.0,-68.0,16
-54.0,-70.0,-52.0,-68.0,-50.0,-62.0,-60.0,-70.0,-68.0,-68.0,16
-54.0,-70.0,-52.0,-66.0,-50.0,-64.0,-60.0,-72.0,-68.0,-68.0,16
-54.0,-70.0,-52.0,-68.0,-48.0,-62.0,-60.0,-72.0,-68.0,-68.0,16
-54.0,-70.0,-50.0,-68.0,-48.0,-62.0,-60.0,-72.0,-68.0,-68.0,16
-52.0,-70.0,-50.0,-68.0,-48.0,-62.0,-60.0,-74.0,-68.0,-68.0,16
-54.0,-70.0,-52.0,-68.0,-48.0,-64.0,-60.0,-74.0,-68.0,-68.0,16
-54.0,-70.0,-52.0,-66.0,-48.0,-62.0,-60.0,-70.0,-68.0,-68.0,16
-54.0,-70.0,-52.0,-68.0,-48.0,-62.0,-60.0,-74.0,-68.0,-68.0,16
-54.0,-70.0,-52.0,-66.0,-50.0,-64.0,-60.0,-74.0,-68.0,-68.0,16
-54.0,-70.0,-50.0,-68.0,-48.0,-62.0,-60.0,-72.0,-68.0,-68.0,16
-54.0,-70.0,-50.0,-66.0,-50.0,-64.0,-58.0,-74.0,-68.0,-68.0,16
-54.0,-70.0,-52.0,-68.0,-50.0,-64.0,-58.0,-72.0,-68.0,-68.0,16
-54.0,-70.0,-50.0,-68.0,-50.0,-64.0,-60.0,-74.0,-68.0,-68.0,16
-54.0,-70.0,-52.0,-66.0,-48.0,-64.0,-60.0,-72.0,-68.0,-66.0,16
-54.0,-70.0,-52.0,-66.0,-50.0,-62.0,-60.0,-72.0,-68.0,-68.0,16
-54.0,-70.0,-50.0,-66.0,-50.0,-62.0,-60.0,-72.0,-68.0,-70.0,16
-54.0,-70.0,-50.0,-68.0,-50.0,-62.0,-60.0,-74.0,-68.0,-68.0,16
-52.0,-70.0,-52.0,-66.0,-50.0,-62.0,-60.0,-72.0,-68.0,-68.0,16
-54.0,-70.0,-50.0,-66.0,-50.0,-62.0,-60.0,-70.0,-68.0,-68.0,16
-52.0,-70.0,-52.0,-68.0,-48.0,-62.0,-60.0,-72.0,-68.0,-66.0,16
-54.0,-70.0,-50.0,-68.0,-50.0,-62.0,-58.0,-72.0,-68.0,-68.0,16
-54.0,-70.0,-52.0,-68.0,-50.0,-64.0,-60.0,-72.0,-68.0,-68.0,16
-54.0,-70.0,-52.0,-68.0,-48.0,-62.0,-60.0,-70.0,-68.0,-68.0,16
-54.0,-70.0,-50.0,-68.0,-48.0,-62.0,-60.0,-72.0,-68.0,-68.0,16
-54.0,-70.0,-50.0,-66.0,-48.0,-62.0,-60.0,-70.0,-68.0,-66.0,16
-60.0,-64.0,-50.0,-68.0,-44.0,-58.0,-62.0,-70.0,-58.0,-64.0,17
-60.0,-66.0,-50.0,-70.0,-44.0,-58.0,-64.0,-72.0,-58.0,-66.0,17
-60.0,-64.0,-50.0,-68.0,-44.0,-60.0,-62.0,-70.0,-58.0,-66.0,17
-60.0,-66.0,-50.0,-70.0,-44.0,-60.0,-62.0,-70.0,-64.0,-64.0,17
-60.0,-64.0,-50.0,-68.0,-44.0,-58.0,-62.0,-70.0,-58.0,-66.0,17
-60.0,-66.0,-50.0,-70.0,-44.0,-60.0,-62.0,-72.0,-58.0,-64.0,17
-60.0,-66.0,-50.0,-70.0,-44.0,-58.0,-62.0,-70.0,-58.0,-66.0,17
-60.0,-66.0,-50.0,-70.0,-44.0,-58.0,-64.0,-70.0,-58.0,-64.0,17
-60.0,-66.0,-50.0,-68.0,-44.0,-58.0,-64.0,-72.0,-58.0,-64.0,17
-60.0,-68.0,-50.0,-68.0,-44.0,-58.0,-64.0,-70.0,-56.0,-66.0,17
-60.0,-66.0,-50.0,-70.0,-44.0,-58.0,-62.0,-72.0,-58.0,-64.0,17
-60.0,-64.0,-50.0,-70.0,-44.0,-58.0,-64.0,-70.0,-58.0,-64.0,17
-60.0,-66.0,-50.0,-70.0,-44.0,-60.0,-62.0,-74.0,-58.0,-66.0,17
-60.0,-64.0,-50.0,-68.0,-44.0,-60.0,-62.0,-72.0,-58.0,-66.0,17
-60.0,-70.0,-50.0,-70.0,-44.0,-58.0,-62.0,-72.0,-58.0,-66.0,17
-60.0,-70.0,-50.0,-70.0,-44.0,-60.0,-64.0,-72.0,-60.0,-66.0,17
-60.0,-66.0,-50.0,-70.0,-44.0,-60.0,-64.0,-70.0,-58.0,-64.0,17
-60.0,-68.0,-50.0,-68.0,-44.0,-58.0,-62.0,-74.0,-58.0,-64.0,17
-60.0,-66.0,-50.0,-68.0,-44.0,-58.0,-64.0,-72.0,-58.0,-66.0,17
-60.0,-68.0,-50.0,-68.0,-44.0,-58.0,-64.0,-74.0,-58.0,-64.0,17
-60.0,-66.0,-50.0,-70.0,-44.0,-58.0,-64.0,-70.0,-56.0,-64.0,17
-60.0,-68.0,-50.0,-70.0,-44.0,-58.0,-62.0,-74.0,-64.0,-64.0,17
-60.0,-66.0,-50.0,-68.0,-44.0,-60.0,-62.0,-72.0,-58.0,-66.0,17
-60.0,-66.0,-50.0,-68.0,-44.0,-58.0,-62.0,-72.0,-56.0,-66.0,17
-60.0,-68.0,-50.0,-68.0,-44.0,-58.0,-64.0,-72.0,-58.0,-64.0,17
-60.0,-66.0,-50.0,-68.0,-44.0,-60.0,-64.0,-70.0,-58.0,-64.0,17
-60.0,-64.0,-50.0,-70.0,-44.0,-58.0,-62.0,-74.0,-64.0,-66.0,17
-60.0,-66.0,-50.0,-68.0,-44.0,-58.0,-62.0,-70.0,-58.0,-66.0,17
-60.0,-68.0,-50.0,-70.0,-44.0,-60.0,-62.0,-72.0,-56.0,-64.0,17
-60.0,-66.0,-50.0,-70.0,-44.0,-60.0,-62.0,-70.0,-60.0,-64.0,17
-60.0,-64.0,-50.0,-68.0,-44.0,-58.0,-64.0,-72.0,-64.0,-66.0,17
-60.0,-66.0,-50.0,-68.0,-44.0,-58.0,-62.0,-72.0,-58.0,-64.0,17
-60.0,-68.0,-50.0,-68.0,-44.0,-58.0,-62.0,-70.0,-58.0,-64.0,17
-60.0,-66.0,-50.0,-70.0,-44.0,-60.0,-64.0,-74.0,-58.0,-64.0,17
-60.0,-64.0,-50.0,-68.0,-44.0,-58.0,-64.0,-70.0,-64.0,-66.0,17
-60.0,-66.0,-50.0,-66.0,-44.0,-58.0,-64.0,-74.0,-58.0,-66.0,17
-60.0,-64.0,-50.0,-70.0,-44.0,-60.0,-62.0,-72.0,-58.0,-64.0,17
-60.0,-66.0,-50.0,-70.0,-44.0,-58.0,-64.0,-72.0,-58.0,-64.0,17
-60.0,-64.0,-50.0,-68.0,-44.0,-60.0,-62.0,-74.0,-58.0,-64.0,17
-60.0,-70.0,-50.0,-68.0,-44.0,-58.0,-62.0,-72.0,-58.0,-66.0,17
-60.0,-70.0,-50.0,-70.0,-44.0,-58.0,-62.0,-74.0,-58.0,-64.0,17
-60.0,-70.0,-50.0,-68.0,-44.0,-60.0,-64.0,-70.0,-62.0,-64.0,17
-60.0,-68.0,-50.0,-70.0,-44.0,-60.0,-64.0,-72.0,-64.0,-66.0,17
-60.0,-64.0,-50.0,-70.0,-44.0,-58.0,-62.0,-72.0,-60.0,-66.0,17
-60.0,-66.0,-50.0,-68.0,-44.0,-58.0,-64.0,-72.0,-58.0,-64.0,17
-60.0,-64.0,-50.0,-70.0,-44.0,-60.0,-64.0,-72.0,-58.0,-64.0,17
-60.0,-66.0,-50.0,-68.0,-44.0,-58.0,-62.0,-74.0,-58.0,-66.0,17
-60.0,-64.0,-50.0,-70.0,-44.0,-58.0,-64.0,-72.0,-58.0,-66.0,17
-60.0,-66.0,-50.0,-68.0,-44.0,-58.0,-62.0,-72.0,-58.0,-64.0,17
-58.0,-70.0,-50.0,-64.0,-46.0,-60.0,-50.0,-72.0,-66.0,-62.0,18
-58.0,-70.0,-48.0,-66.0,-46.0,-62.0,-50.0,-72.0,-66.0,-62.0,18
-56.0,-70.0,-48.0,-64.0,-46.0,-62.0,-50.0,-72.0,-64.0,-64.0,18
-56.0,-70.0,-48.0,-64.0,-48.0,-60.0,-50.0,-74.0,-66.0,-64.0,18
-56.0,-72.0,-50.0,-66.0,-46.0,-62.0,-50.0,-72.0,-66.0,-64.0,18
-58.0,-72.0,-48.0,-64.0,-48.0,-60.0,-50.0,-72.0,-60.0,-64.0,18
-56.0,-70.0,-48.0,-64.0,-46.0,-60.0,-50.0,-72.0,-66.0,-64.0,18
-58.0,-72.0,-48.0,-64.0,-46.0,-62.0,-50.0,-72.0,-66.0,-64.0,18
-58.0,-72.0,-48.0,-64.0,-46.0,-60.0,-50.0,-72.0,-66.0,-64.0,18
-58.0,-72.0,-48.0,-64.0,-46.0,-60.0,-50.0,-72.0,-64.0,-64.0,18
-56.0,-72.0,-48.0,-64.0,-48.0,-62.0,-50.0,-72.0,-60.0,-64.0,18
-58.0,-72.0,-48.0,-64.0,-46.0,-62.0,-50.0,-72.0,-66.0,-64.0,18
-56.0,-72.0,-48.0,-64.0,-48.0,-60.0,-50.0,-72.0,-66.0,-64.0,18
-56.0,-72.0,-48.0,-64.0,-46.0,-62.0,-50.0,-74.0,-66.0,-64.0,18
-58.0,-72.0,-48.0,-64.0,-48.0,-62.0,-50.0,-72.0,-66.0,-64.0,18
-58.0,-72.0,-48.0,-64.0,-46.0,-60.0,-50.0,-72.0,-66.0,-64.0,18
-58.0,-72.0,-48.0,-64.0,-46.0,-62.0,-52.0,-72.0,-66.0,-64.0,18
-58.0,-72.0,-50.0,-64.0,-48.0,-62.0,-50.0,-72.0,-66.0,-64.0,18
-58.0,-72.0,-48.0,-64.0,-46.0,-60.0,-50.0,-72.0,-66.0,-64.0,18
-56.0,-72.0,-50.0,-64.0,-46.0,-62.0,-50.0,-72.0,-66.0,-64.0,18
-56.0,-72.0,-50.0,-66.0,-46.0,-62.0,-50.0,-72.0,-66.0,-64.0,18
-56.0,-72.0,-50.0,-64.0,-46.0,-60.0,-50.0,-72.0,-66.0,-64.0,18
-58.0,-72.0,-48.0,-64.0,-46.0,-60.0,-50.0,-72.0,-66.0,-64.0,18
-58.0,-72.0,-50.0,-64.0,-46.0,-62.0,-50.0,-72.0,-66.0,-64.0,18
-58.0,-72.0,-50.0,-64.0,-46.0,-60.0,-50.0,-74.0,-66.0,-64.0,18
-58.0,-72.0,-48.0,-64.0,-46.0,-62.0,-50.0,-72.0,-66.0,-64.0,18
-58.0,-72.0,-50.0,-64.0,-46.0,-62.0,-50.0,-72.0,-66.0,-64.0,18
-58.0,-72.0,-48.0,-64.0,-46.0,-60.0,-50.0,-72.0,-66.0,-64.0,18
-58.0,-72.0,-48.0,-66.0,-46.0,-60.0,-50.0,-72.0,-66.0,-64.0,18
-58.0,-70.0,-48.0,-64.0,-46.0,-62.0,-50.0,-72.0,-66.0,-64.0,18
-58.0,-72.0,-50.0,-64.0,-46.0,-62.0,-50.0,-72.0,-66.0,-62.0,18
-58.0,-72.0,-48.0,-64.0,-46.0,-62.0,-50.0,-74.0,-66.0,-64.0,18
-58.0,-72.0,-50.0,-64.0,-46.0,-60.0,-50.0,-72.0,-66.0,-64.0,18
-56.0,-72.0,-50.0,-64.0,-48.0,-62.0,-50.0,-72.0,-66.0,-64.0,18
-58.0,-70.0,-50.0,-64.0,-46.0,-60.0,-50.0,-72.0,-66.0,-64.0,18
-58.0,-72.0,-50.0,-64.0,-48.0,-60.0,-50.0,-72.0,-66.0,-64.0,18
-58.0,-72.0,-48.0,-64.0,-46.0,-60.0,-50.0,-72.0,-66.0,-64.0,18
-58.0,-72.0,-48.0,-64.0,-46.0,-62.0,-50.0,-72.0,-66.0,-64.0,18
-58.0,-72.0,-48.0,-64.0,-46.0,-60.0,-50.0,-74.0,-66.0,-64.0,18
-58.0,-72.0,-48.0,-64.0,-48.0,-62.0,-50.0,-74.0,-66.0,-62.0,18
-58.0,-72.0,-50.0,-64.0,-48.0,-60.0,-50.0,-72.0,-66.0,-64.0,18
-58.0,-72.0,-48.0,-64.0,-48.0,-60.0,-50.0,-72.0,-66.0,-64.0,18
-58.0,-72.0,-48.0,-64.0,-48.0,-62.0,-50.0,-72.0,-66.0,-64.0,18
-56.0,-72.0,-50.0,-64.0,-48.0,-62.0,-50.0,-74.0,-66.0,-64.0,18
-58.0,-72.0,-48.0,-64.0,-48.0,-62.0,-52.0,-72.0,-66.0,-64.0,18
-58.0,-72.0,-50.0,-64.0,-46.0,-62.0,-50.0,-72.0,-66.0,-64.0,18
-58.0,-72.0,-48.0,-64.0,-48.0,-60.0,-50.0,-72.0,-66.0,-64.0,18
-58.0,-72.0,-50.0,-64.0,-46.0,-62.0,-50.0,-72.0,-66.0,-64.0,18
-58.0,-72.0,-50.0,-64.0,-48.0,-62.0,-50.0,-72.0,-66.0,-64.0,18
-64.0,-72.0,-54.0,-72.0,-34.0,-64.0,-56.0,-64.0,-58.0,-66.0,19
-62.0,-72.0,-56.0,-72.0,-34.0,-64.0,-54.0,-64.0,-58.0,-66.0,19
-62.0,-72.0,-54.0,-72.0,-36.0,-62.0,-54.0,-64.0,-58.0,-66.0,19
-62.0,-72.0,-56.0,-72.0,-34.0,-62.0,-54.0,-62.0,-58.0,-66.0,19
-62.0,-72.0,-54.0,-72.0,-34.0,-62.0,-56.0,-64.0,-58.0,-66.0,19
-62.0,-74.0,-56.0,-72.0,-36.0,-62.0,-56.0,-62.0,-58.0,-66.0,19
-62.0,-72.0,-54.0,-72.0,-36.0,-62.0,-56.0,-64.0,-58.0,-66.0,19
-62.0,-72.0,-56.0,-72.0,-34.0,-62.0,-56.0,-64.0,-58.0,-66.0,19
-62.0,-72.0,-56.0,-72.0,-34.0,-64.0,-56.0,-64.0,-58.0,-66.0,19
-62.0,-72.0,-56.0,-74.0,-34.0,-62.0,-54.0,-62.0,-58.0,-66.0,19
-62.0,-72.0,-54.0,-72.0,-34.0,-62.0,-56.0,-64.0,-60.0,-66.0,19
-64.0,-72.0,-56.0,-74.0,-34.0,-64.0,-54.0,-64.0,-58.0,-66.0,19
-62.0,-74.0,-54.0,-74.0,-36.0,-64.0,-54.0,-64.0,-58.0,-66.0,19
-62.0,-72.0,-56.0,-72.0,-34.0,-62.0,-54.0,-64.0,-58.0,-66.0,19
-62.0,-72.0,-56.0,-72.0,-36.0,-62.0,-54.0,-64.0,-58.0,-66.0,19
-62.0,-72.0,-56.0,-72.0,-34.0,-62.0,-56.0,-64.0,-58.0,-66.0,19
-62.0,-72.0,-56.0,-72.0,-34.0,-60.0,-56.0,-64.0,-58.0,-66.0,19
-62.0,-72.0,-54.0,-72.0,-34.0,-64.0,-56.0,-66.0,-58.0,-66.0,19
-62.0,-72.0,-54.0,-72.0,-34.0,-64.0,-56.0,-64.0,-58.0,-66.0,19
-62.0,-72.0,-54.0,-72.0,-36.0,-62.0,-56.0,-64.0,-58.0,-66.0,19
-62.0,-72.0,-54.0,-72.0,-34.0,-62.0,-52.0,-62.0,-58.0,-66.0,19
-62.0,-72.0,-54.0,-72.0,-34.0,-64.0,-56.0,-64.0,-58.0,-66.0,19
-62.0,-72.0,-54.0,-74.0,-36.0,-60.0,-54.0,-64.0,-58.0,-66.0,19
-62.0,-72.0,-54.0,-72.0,-36.0,-62.0,-54.0,-66.0,-58.0,-66.0,19
-62.0,-72.0,-54.0,-74.0,-36.0,-62.0,-54.0,-64.0,-58.0,-66.0,19
-62.0,-74.0,-56.0,-74.0,-36.0,-62.0,-56.0,-64.0,-58.0,-66.0,19
-62.0,-72.0,-54.0,-72.0,-34.0,-62.0,-56.0,-62.0,-58.0,-66.0,19
-62.0,-72.0,-54.0,-74.0,-34.0,-60.0,-56.0,-64.0,-58.0,-66.0,19
-62.0,-72.0,-56.0,-72.0,-34.0,-62.0,-56.0,-62.0,-58.0,-66.0,19
-62.0,-72.0,-54.0,-74.0,-34.0,-62.0,-54.0,-64.0,-58.0,-66.0,19
-62.0,-72.0,-54.0,-74.0,-36.0,-62.0,-56.0,-64.0,-58.0,-66.0,19
-62.0,-72.0,-54.0,-74.0,-36.0,-62.0,-56.0,-64.0,-58.0,-66.0,19
-62.0,-74.0,-56.0,-72.0,-34.0,-64.0,-56.0,-64.0,-58.0,-66.0,19
-62.0,-72.0,-56.0,-72.0,-34.0,-60.0,-56.0,-64.0,-56.0,-66.0,19
-62.0,-72.0,-54.0,-72.0,-34.0,-64.0,-56.0,-66.0,-58.0,-66.0,19
-62.0,-72.0,-56.0,-72.0,-36.0,-62.0,-54.0,-64.0,-58.0,-66.0,19
-62.0,-72.0,-54.0,-72.0,-34.0,-60.0,-56.0,-62.0,-58.0,-66.0,19
-62.0,-72.0,-54.0,-72.0,-36.0,-62.0,-56.0,-64.0,-58.0,-66.0,19
-62.0,-72.0,-56.0,-72.0,-36.0,-62.0,-56.0,-62.0,-56.0,-66.0,19
-62.0,-72.0,-54.0,-72.0,-36.0,-60.0,-56.0,-64.0,-58.0,-66.0,19
-62.0,-72.0,-54.0,-72.0,-36.0,-64.0,-56.0,-64.0,-58.0,-66.0,19
-64.0,-72.0,-54.0,-72.0,-36.0,-64.0,-54.0,-64.0,-56.0,-66.0,19
-62.0,-72.0,-56.0,-72.0,-36.0,-62.0,-56.0,-64.0,-58.0,-66.0,19
-62.0,-72.0,-54.0,-74.0,-36.0,-62.0,-56.0,-64.0,-58.0,-66.0,19
-62.0,-72.0,-54.0,-72.0,-34.0,-62.0,-56.0,-64.0,-58.0,-66.0,19
-62.0,-74.0,-54.0,-72.0,-36.0,-62.0,-54.0,-64.0,-60.0,-66.0,19
-64.0,-72.0,-56.0,-74.0,-36.0,-64.0,-56.0,-64.0,-58.0,-66.0,19
-62.0,-72.0,-56.0,-72.0,-36.0,-60.0,-56.0,-64.0,-58.0,-66.0,19
-62.0,-72.0,-56.0,-72.0,-34.0,-62.0,-56.0,-64.0,-58.0,-66.0,19
-60.0,-76.0,-58.0,-74.0,-38.0,-62.0,-46.0,-62.0,-56.0,-58.0,20
-60.0,-74.0,-58.0,-74.0,-38.0,-62.0,-46.0,-62.0,-58.0,-58.0,20
-62.0,-76.0,-56.0,-74.0,-36.0,-62.0,-46.0,-64.0,-56.0,-58.0,20
-62.0,-76.0,-58.0,-74.0,-38.0,-62.0,-46.0,-62.0,-58.0,-58.0,20
-62.0,-74.0,-58.0,-74.0,-36.0,-64.0,-46.0,-62.0,-56.0,-58.0,20
-62.0,-74.0,-56.0,-72.0,-38.0,-62.0,-46.0,-64.0,-56.0,-58.0,20
-60.0,-76.0,-58.0,-74.0,-38.0,-62.0,-46.0,-64.0,-58.0,-58.0,20
-62.0,-74.0,-58.0,-74.0,-36.0,-62.0,-46.0,-62.0,-58.0,-58.0,20
-62.0,-74.0,-58.0,-74.0,-38.0,-64.0,-46.0,-64.0,-56.0,-56.0,20
-62.0,-74.0,-56.0,-74.0,-36.0,-64.0,-46.0,-62.0,-58.0,-58.0,20
-62.0,-76.0,-58.0,-72.0,-38.0,-64.0,-46.0,-62.0,-56.0,-58.0,20
-62.0,-76.0,-58.0,-74.0,-36.0,-62.0,-46.0,-62.0,-56.0,-58.0,20
-64.0,-74.0,-58.0,-72.0,-36.0,-64.0,-46.0,-62.0,-58.0,-58.0,20
-62.0,-76.0,-58.0,-74.0,-38.0,-62.0,-46.0,-64.0,-58.0,-58.0,20
-60.0,-76.0,-56.0,-70.0,-36.0,-64.0,-46.0,-62.0,-58.0,-58.0,20
-62.0,-74.0,-58.0,-74.0,-38.0,-64.0,-46.0,-64.0,-56.0,-56.0,20
-64.0,-74.0,-58.0,-72.0,-36.0,-64.0,-46.0,-64.0,-56.0,-58.0,20
-62.0,-76.0,-56.0,-74.0,-38.0,-62.0,-46.0,-62.0,-56.0,-58.0,20
-62.0,-76.0,-58.0,-72.0,-36.0,-64.0,-46.0,-62.0,-58.0,-58.0,20
-62.0,-76.0,-58.0,-74.0,-36.0,-62.0,-46.0,-64.0,-56.0,-58.0,20
-64.0,-76.0,-56.0,-72.0,-36.0,-64.0,-46.0,-64.0,-56.0,-58.0,20
-62.0,-76.0,-58.0,-74.0,-38.0,-62.0,-46.0,-62.0,-56.0,-58.0,20
-62.0,-76.0,-58.0,-74.0,-38.0,-64.0,-46.0,-64.0,-56.0,-58.0,20
-62.0,-74.0,-58.0,-70.0,-36.0,-64.0,-46.0,-64.0,-58.0,-58.0,20
-62.0,-74.0,-58.0,-72.0,-38.0,-62.0,-46.0,-62.0,-58.0,-58.0,20
-60.0,-76.0,-58.0,-74.0,-38.0,-62.0,-46.0,-64.0,-58.0,-58.0,20
-62.0,-76.0,-56.0,-74.0,-38.0,-62.0,-46.0,-62.0,-56.0,-58.0,20
-62.0,-74.0,-56.0,-74.0,-38.0,-64.0,-46.0,-62.0,-58.0,-58.0,20
-62.0,-76.0,-58.0,-74.0,-38.0,-64.0,-46.0,-62.0,-58.0,-58.0,20
-62.0,-76.0,-58.0,-72.0,-38.0,-64.0,-46.0,-62.0,-58.0,-58.0,20
-62.0,-74.0,-56.0,-72.0,-36.0,-62.0,-46.0,-64.0,-56.0,-58.0,20
-62.0,-76.0,-58.0,-74.0,-38.0,-62.0,-46.0,-62.0,-56.0,-58.0,20
-62.0,-76.0,-58.0,-74.0,-38.0,-64.0,-46.0,-62.0,-58.0,-58.0,20
-60.0,-76.0,-58.0,-72.0,-38.0,-62.0,-46.0,-64.0,-56.0,-58.0,20
-62.0,-74.0,-56.0,-74.0,-36.0,-62.0,-46.0,-64.0,-56.0,-58.0,20
-62.0,-76.0,-58.0,-72.0,-38.0,-62.0,-46.0,-64.0,-58.0,-58.0,20
-62.0,-76.0,-58.0,-70.0,-36.0,-62.0,-46.0,-64.0,-58.0,-56.0,20
-62.0,-76.0,-58.0,-70.0,-38.0,-64.0,-46.0,-62.0,-58.0,-58.0,20
-64.0,-74.0,-58.0,-74.0,-38.0,-64.0,-46.0,-64.0,-56.0,-58.0,20
-62.0,-76.0,-56.0,-72.0,-38.0,-62.0,-46.0,-64.0,-58.0,-58.0,20
-60.0,-76.0,-56.0,-74.0,-36.0,-64.0,-46.0,-64.0,-58.0,-58.0,20
-62.0,-74.0,-58.0,-74.0,-36.0,-64.0,-46.0,-62.0,-58.0,-58.0,20
-62.0,-74.0,-58.0,-74.0,-38.0,-62.0,-46.0,-64.0,-58.0,-58.0,20
-62.0,-76.0,-58.0,-72.0,-36.0,-62.0,-46.0,-62.0,-56.0,-58.0,20
-64.0,-76.0,-56.0,-74.0,-38.0,-64.0,-46.0,-62.0,-58.0,-58.0,20
-62.0,-74.0,-58.0,-74.0,-36.0,-62.0,-46.0,-64.0,-58.0,-58.0,20
-62.0,-74.0,-58.0,-74.0,-38.0,-62.0,-46.0,-62.0,-56.0,-58.0,20
-62.0,-76.0,-58.0,-74.0,-36.0,-64.0,-46.0,-62.0,-58.0,-58.0,20
-62.0,-76.0,-58.0,-74.0,-38.0,-62.0,-46.0,-64.0,-58.0,-58.0,20
-68.0,-76.0,-64.0,-76.0,-52.0,-64.0,-36.0,-54.0,-50.0,-50.0,21
-66.0,-76.0,-62.0,-76.0,-50.0,-66.0,-36.0,-54.0,-50.0,-50.0,21
-66.0,-78.0,-62.0,-76.0,-50.0,-66.0,-36.0,-54.0,-50.0,-50.0,21
-66.0,-76.0,-62.0,-76.0,-50.0,-66.0,-36.0,-54.0,-48.0,-52.0,21
-68.0,-76.0,-64.0,-76.0,-50.0,-66.0,-36.0,-54.0,-50.0,-52.0,21
-68.0,-78.0,-64.0,-78.0,-52.0,-66.0,-36.0,-54.0,-50.0,-52.0,21
-66.0,-78.0,-62.0,-76.0,-50.0,-66.0,-36.0,-54.0,-50.0,-50.0,21
-66.0,-76.0,-64.0,-76.0,-50.0,-66.0,-34.0,-54.0,-50.0,-50.0,21
-68.0,-76.0,-64.0,-76.0,-50.0,-66.0,-34.0,-54.0,-50.0,-50.0,21
-68.0,-78.0,-62.0,-76.0,-50.0,-66.0,-34.0,-54.0,-50.0,-52.0,21
-66.0,-76.0,-64.0,-76.0,-50.0,-66.0,-36.0,-54.0,-50.0,-52.0,21
-66.0,-76.0,-64.0,-76.0,-50.0,-66.0,-34.0,-54.0,-50.0,-52.0,21
-68.0,-78.0,-64.0,-76.0,-50.0,-66.0,-36.0,-54.0,-50.0,-50.0,21
-66.0,-76.0,-62.0,-76.0,-50.0,-66.0,-34.0,-54.0,-50.0,-50.0,21
-66.0,-76.0,-62.0,-76.0,-50.0,-66.0,-36.0,-54.0,-50.0,-50.0,21
-66.0,-78.0,-62.0,-76.0,-48.0,-66.0,-34.0,-54.0,-50.0,-50.0,21
-66.0,-78.0,-62.0,-76.0,-50.0,-66.0,-36.0,-54.0,-50.0,-52.0,21
-68.0,-76.0,-62.0,-76.0,-50.0,-64.0,-34.0,-54.0,-50.0,-52.0,21
-68.0,-78.0,-62.0,-76.0,-50.0,-66.0,-36.0,-54.0,-50.0,-50.0,21
-68.0,-78.0,-62.0,-76.0,-50.0,-64.0,-34.0,-54.0,-48.0,-52.0,21
-68.0,-76.0,-64.0,-76.0,-50.0,-66.0,-36.0,-54.0,-50.0,-50.0,21
-66.0,-78.0,-64.0,-76.0,-50.0,-66.0,-34.0,-54.0,-50.0,-50.0,21
-68.0,-78.0,-64.0,-76.0,-50.0,-66.0,-34.0,-54.0,-50.0,-52.0,21
-66.0,-76.0,-64.0,-76.0,-50.0,-66.0,-34.0,-54.0,-50.0,-50.0,21
-66.0,-78.0,-64.0,-76.0,-50.0,-68.0,-36.0,-54.0,-50.0,-50.0,21
-66.0,-78.0,-64.0,-76.0,-50.0,-66.0,-36.0,-54.0,-50.0,-52.0,21
-68.0,-76.0,-64.0,-76.0,-50.0,-66.0,-36.0,-54.0,-50.0,-52.0,21
-66.0,-78.0,-64.0,-76.0,-50.0,-66.0,-36.0,-54.0,-50.0,-52.0,21
-68.0,-78.0,-64.0,-76.0,-50.0,-66.0,-36.0,-54.0,-50.0,-52.0,21
-66.0,-76.0,-62.0,-76.0,-50.0,-64.0,-34.0,-54.0,-50.0,-50.0,21
-68.0,-76.0,-62.0,-76.0,-50.0,-66.0,-36.0,-54.0,-50.0,-50.0,21
-66.0,-78.0,-64.0,-76.0,-50.0,-66.0,-36.0,-54.0,-50.0,-52.0,21
-68.0,-78.0,-64.0,-76.0,-48.0,-66.0,-36.0,-54.0,-50.0,-52.0,21
-68.0,-76.0,-64.0,-76.0,-50.0,-66.0,-36.0,-54.0,-50.0,-52.0,21
-66.0,-78.0,-62.0,-76.0,-50.0,-66.0,-34.0,-54.0,-50.0,-52.0,21
-68.0,-78.0,-64.0,-76.0,-50.0,-66.0,-36.0,-54.0,-50.0,-52.0,21
-68.0,-76.0,-62.0,-76.0,-50.0,-66.0,-36.0,-54.0,-50.0,-50.0,21
-66.0,-78.0,-62.0,-76.0,-50.0,-66.0,-36.0,-54.0,-48.0,-50.0,21
-66.0,-78.0,-64.0,-76.0,-50.0,-66.0,-36.0,-54.0,-48.0,-52.0,21
-68.0,-78.0,-64.0,-76.0,-50.0,-66.0,-36.0,-54.0,-50.0,-52.0,21
-66.0,-78.0,-64.0,-78.0,-50.0,-66.0,-36.0,-54.0,-50.0,-50.0,21
-68.0,-78.0,-64.0,-76.0,-50.0,-64.0,-36.0,-54.0,-50.0,-52.0,21
-68.0,-76.0,-64.0,-76.0,-50.0,-66.0,-36.0,-54.0,-50.0,-50.0,21
-66.0,-78.0,-64.0,-76.0,-50.0,-66.0,-36.0,-54.0,-50.0,-50.0,21
-66.0,-78.0,-64.0,-76.0,-48.0,-66.0,-36.0,-54.0,-50.0,-50.0,21
-68.0,-76.0,-62.0,-76.0,-50.0,-66.0,-36.0,-54.0,-50.0,-50.0,21
-66.0,-78.0,-64.0,-76.0,-50.0,-66.0,-34.0,-54.0,-50.0,-50.0,21
-68.0,-76.0,-64.0,-76.0,-50.0,-66.0,-36.0,-54.0,-50.0,-52.0,21
-66.0,-76.0,-64.0,-76.0,-48.0,-68.0,-34.0,-54.0,-50.0,-52.0,21
-66.0,-80.0,-62.0,-78.0,-44.0,-60.0,-34.0,-48.0,-44.0,-46.0,22
-66.0,-80.0,-62.0,-78.0,-44.0,-60.0,-34.0,-48.0,-44.0,-46.0,22
-66.0,-80.0,-62.0,-78.0,-44.0,-60.0,-36.0,-48.0,-44.0,-46.0,22
-68.0,-82.0,-62.0,-80.0,-44.0,-60.0,-34.0,-48.0,-44.0,-46.0,22
-68.0,-80.0,-62.0,-78.0,-44.0,-60.0,-34.0,-48.0,-46.0,-46.0,22
-68.0,-80.0,-64.0,-78.0,-44.0,-60.0,-34.0,-48.0,-46.0,-46.0,22
-68.0,-78.0,-62.0,-78.0,-44.0,-60.0,-34.0,-48.0,-44.0,-46.0,22
-68.0,-78.0,-64.0,-80.0,-44.0,-60.0,-34.0,-48.0,-46.0,-46.0,22
-68.0,-80.0,-62.0,-78.0,-44.0,-60.0,-34.0,-48.0,-44.0,-46.0,22
-68.0,-80.0,-62.0,-80.0,-44.0,-60.0,-34.0,-48.0,-46.0,-46.0,22
-66.0,-80.0,-62.0,-80.0,-44.0,-60.0,-34.0,-48.0,-44.0,-46.0,22
-66.0,-78.0,-64.0,-80.0,-44.0,-60.0,-36.0,-48.0,-46.0,-46.0,22
-68.0,-78.0,-64.0,-78.0,-44.0,-60.0,-34.0,-48.0,-46.0,-46.0,22
-68.0,-80.0,-64.0,-80.0,-44.0,-60.0,-34.0,-48.0,-46.0,-46.0,22
-68.0,-80.0,-62.0,-78.0,-44.0,-60.0,-34.0,-48.0,-46.0,-46.0,22
-68.0,-80.0,-62.0,-78.0,-44.0,-60.0,-34.0,-48.0,-46.0,-46.0,22
-68.0,-80.0,-62.0,-80.0,-44.0,-60.0,-34.0,-48.0,-46.0,-46.0,22
-64.0,-82.0,-62.0,-78.0,-44.0,-60.0,-34.0,-48.0,-46.0,-46.0,22
-68.0,-80.0,-62.0,-78.0,-44.0,-60.0,-34.0,-48.0,-44.0,-46.0,22
-66.0,-82.0,-62.0,-78.0,-44.0,-60.0,-34.0,-48.0,-44.0,-46.0,22
-68.0,-80.0,-62.0,-78.0,-44.0,-60.0,-34.0,-48.0,-46.0,-46.0,22
-68.0,-80.0,-62.0,-78.0,-44.0,-60.0,-34.0,-48.0,-46.0,-46.0,22
-68.0,-80.0,-62.0,-80.0,-44.0,-60.0,-34.0,-48.0,-46.0,-46.0,22
-68.0,-80.0,-62.0,-78.0,-44.0,-60.0,-34.0,-48.0,-46.0,-46.0,22
-68.0,-80.0,-62.0,-78.0,-44.0,-62.0,-34.0,-48.0,-46.0,-46.0,22
-68.0,-80.0,-62.0,-80.0,-44.0,-60.0,-34.0,-48.0,-44.0,-46.0,22
-68.0,-82.0,-62.0,-80.0,-44.0,-60.0,-34.0,-48.0,-44.0,-46.0,22
-68.0,-80.0,-62.0,-78.0,-44.0,-60.0,-34.0,-48.0,-44.0,-46.0,22
-66.0,-80.0,-62.0,-78.0,-44.0,-62.0,-34.0,-48.0,-44.0,-46.0,22
-68.0,-80.0,-62.0,-78.0,-44.0,-60.0,-34.0,-48.0,-46.0,-46.0,22
-68.0,-82.0,-62.0,-80.0,-44.0,-60.0,-34.0,-48.0,-46.0,-46.0,22
-68.0,-78.0,-62.0,-80.0,-44.0,-60.0,-34.0,-48.0,-46.0,-46.0,22
-68.0,-80.0,-62.0,-80.0,-44.0,-60.0,-34.0,-48.0,-44.0,-46.0,22
-66.0,-82.0,-62.0,-78.0,-44.0,-60.0,-34.0,-48.0,-44.0,-46.0,22
-68.0,-80.0,-62.0,-78.0,-44.0,-60.0,-34.0,-48.0,-46.0,-46.0,22
-66.0,-80.0,-64.0,-80.0,-44.0,-60.0,-34.0,-48.0,-46.0,-46.0,22
-68.0,-80.0,-64.0,-80.0,-44.0,-60.0,-34.0,-48.0,-46.0,-46.0,22
-68.0,-78.0,-62.0,-80.0,-44.0,-60.0,-34.0,-48.0,-44.0,-46.0,22
-66.0,-80.0,-62.0,-78.0,-44.0,-60.0,-34.0,-50.0,-46.0,-46.0,22
-66.0,-80.0,-62.0,-80.0,-44.0,-60.0,-34.0,-48.0,-46.0,-46.0,22
-68.0,-80.0,-62.0,-80.0,-44.0,-60.0,-34.0,-48.0,-46.0,-46.0,22
-68.0,-80.0,-62.0,-80.0,-44.0,-60.0,-34.0,-48.0,-44.0,-46.0,22
-68.0,-78.0,-64.0,-78.0,-44.0,-60.0,-34.0,-48.0,-46.0,-46.0,22
-68.0,-80.0,-62.0,-78.0,-44.0,-60.0,-34.0,-48.0,-46.0,-46.0,22
-66.0,-80.0,-64.0,-78.0,-44.0,-60.0,-36.0,-48.0,-46.0,-46.0,22
-68.0,-82.0,-62.0,-78.0,-44.0,-60.0,-34.0,-48.0,-44.0,-46.0,22
-68.0,-80.0,-62.0,-78.0,-44.0,-60.0,-34.0,-48.0,-46.0,-46.0,22
-68.0,-78.0,-62.0,-78.0,-44.0,-60.0,-34.0,-48.0,-44.0,-46.0,22
-68.0,-82.0,-64.0,-78.0,-42.0,-60.0,-34.0,-48.0,-46.0,-46.0,22
-62.0,-76.0,-60.0,-78.0,-44.0,-60.0,-42.0,-50.0,-48.0,-50.0,23
-62.0,-76.0,-58.0,-76.0,-42.0,-60.0,-42.0,-50.0,-46.0,-50.0,23
-62.0,-78.0,-60.0,-76.0,-44.0,-60.0,-42.0,-50.0,-46.0,-50.0,23
-62.0,-78.0,-60.0,-76.0,-44.0,-60.0,-42.0,-50.0,-46.0,-50.0,23
-62.0,-78.0,-60.0,-76.0,-44.0,-60.0,-42.0,-50.0,-46.0,-50.0,23
-62.0,-78.0,-60.0,-76.0,-42.0,-60.0,-42.0,-52.0,-48.0,-50.0,23
-62.0,-78.0,-58.0,-76.0,-42.0,-60.0,-42.0,-52.0,-48.0,-50.0,23
-60.0,-78.0,-60.0,-76.0,-42.0,-60.0,-42.0,-50.0,-46.0,-50.0,23
-62.0,-76.0,-60.0,-78.0,-44.0,-60.0,-42.0,-50.0,-46.0,-50.0,23
-60.0,-76.0,-60.0,-76.0,-44.0,-60.0,-42.0,-50.0,-46.0,-50.0,23
-62.0,-78.0,-60.0,-76.0,-42.0,-60.0,-42.0,-50.0,-46.0,-50.0,23
-62.0,-76.0,-60.0,-76.0,-42.0,-60.0,-42.0,-50.0,-46.0,-50.0,23
-62.0,-76.0,-60.0,-76.0,-44.0,-60.0,-42.0,-50.0,-46.0,-50.0,23
-62.0,-76.0,-58.0,-76.0,-44.0,-60.0,-42.0,-50.0,-46.0,-50.0,23
-60.0,-78.0,-60.0,-78.0,-42.0,-60.0,-42.0,-52.0,-46.0,-50.0,23
-60.0,-76.0,-60.0,-76.0,-42.0,-60.0,-42.0,-52.0,-46.0,-50.0,23
-60.0,-78.0,-58.0,-76.0,-44.0,-60.0,-42.0,-52.0,-46.0,-50.0,23
-62.0,-76.0,-60.0,-76.0,-42.0,-60.0,-42.0,-50.0,-46.0,-50.0,23
-62.0,-78.0,-60.0,-76.0,-42.0,-60.0,-42.0,-50.0,-46.0,-50.0,23
-60.0,-76.0,-60.0,-76.0,-42.0,-60.0,-42.0,-50.0,-46.0,-50.0,23
-60.0,-78.0,-60.0,-76.0,-42.0,-60.0,-42.0,-50.0,-46.0,-50.0,23
-62.0,-78.0,-60.0,-76.0,-42.0,-60.0,-42.0,-50.0,-46.0,-50.0,23
-62.0,-78.0,-58.0,-76.0,-44.0,-60.0,-42.0,-50.0,-46.0,-50.0,23
-62.0,-76.0,-58.0,-78.0,-42.0,-60.0,-42.0,-50.0,-46.0,-50.0,23
-62.0,-78.0,-60.0,-76.0,-44.0,-60.0,-42.0,-50.0,-46.0,-50.0,23
-60.0,-78.0,-60.0,-76.0,-42.0,-60.0,-42.0,-52.0,-46.0,-50.0,23
-62.0,-78.0,-60.0,-76.0,-44.0,-60.0,-42.0,-52.0,-46.0,-50.0,23
-60.0,-76.0,-60.0,-78.0,-44.0,-60.0,-42.0,-50.0,-46.0,-50.0,23
-62.0,-76.0,-60.0,-76.0,-44.0,-60.0,-42.0,-50.0,-46.0,-50.0,23
-62.0,-76.0,-60.0,-76.0,-42.0,-60.0,-42.0,-50.0,-48.0,-50.0,23
-62.0,-76.0,-60.0,-76.0,-44.0,-60.0,-42.0,-50.0,-46.0,-50.0,23
-62.0,-76.0,-60.0,-76.0,-42.0,-60.0,-42.0,-50.0,-48.0,-50.0,23
-60.0,-76.0,-60.0,-76.0,-42.0,-60.0,-42.0,-50.0,-46.0,-50.0,23
-62.0,-76.0,-58.0,-78.0,-42.0,-60.0,-42.0,-50.0,-46.0,-50.0,23
-62.0,-76.0,-58.0,-76.0,-42.0,-60.0,-42.0,-50.0,-48.0,-50.0,23
-60.0,-76.0,-58.0,-78.0,-42.0,-60.0,-42.0,-52.0,-46.0,-50.0,23
-60.0,-76.0,-60.0,-78.0,-42.0,-60.0,-42.0,-50.0,-48.0,-50.0,23
-62.0,-76.0,-58.0,-76.0,-44.0,-60.0,-42.0,-50.0,-46.0,-50.0,23
-60.0,-76.0,-60.0,-78.0,-44.0,-60.0,-42.0,-50.0,-46.0,-50.0,23
-62.0,-78.0,-58.0,-78.0,-42.0,-60.0,-42.0,-50.0,-46.0,-50.0,23
-62.0,-76.0,-60.0,-78.0,-42.0,-60.0,-42.0,-50.0,-48.0,-50.0,23
-62.0,-76.0,-60.0,-76.0,-42.0,-60.0,-42.0,-50.0,-48.0,-50.0,23
-60.0,-78.0,-60.0,-78.0,-44.0,-60.0,-42.0,-52.0,-46.0,-50.0,23
-62.0,-76.0,-58.0,-78.0,-42.0,-60.0,-42.0,-50.0,-46.0,-50.0,23
-62.0,-76.0,-60.0,-78.0,-40.0,-60.0,-42.0,-52.0,-46.0,-50.0,23
-62.0,-76.0,-60.0,-78.0,-42.0,-60.0,-42.0,-52.0,-46.0,-50.0,23
-60.0,-76.0,-60.0,-76.0,-44.0,-60.0,-42.0,-50.0,-46.0,-50.0,23
-62.0,-76.0,-58.0,-76.0,-42.0,-60.0,-42.0,-50.0,-46.0,-50.0,23
-62.0,-76.0,-60.0,-78.0,-44.0,-60.0,-42.0,-50.0,-46.0,-50.0,23
-68.0,-76.0,-68.0,-74.0,-52.0,-64.0,-40.0,-60.0,-46.0,-52.0,24
-70.0,-74.0,-68.0,-76.0,-52.0,-66.0,-40.0,-60.0,-46.0,-52.0,24
-68.0,-74.0,-66.0,-76.0,-52.0,-64.0,-40.0,-60.0,-46.0,-52.0,24
-68.0,-74.0,-68.0,-76.0,-52.0,-64.0,-40.0,-60.0,-46.0,-52.0,24
-68.0,-74.0,-68.0,-74.0,-52.0,-66.0,-40.0,-60.0,-46.0,-54.0,24
-70.0,-74.0,-66.0,-74.0,-52.0,-64.0,-40.0,-60.0,-46.0,-54.0,24
-68.0,-76.0,-68.0,-74.0,-52.0,-64.0,-40.0,-60.0,-46.0,-52.0,24
-70.0,-74.0,-68.0,-74.0,-50.0,-66.0,-40.0,-60.0,-46.0,-52.0,24
-68.0,-74.0,-66.0,-74.0,-52.0,-64.0,-40.0,-60.0,-46.0,-54.0,24
-68.0,-74.0,-66.0,-74.0,-52.0,-66.0,-40.0,-60.0,-46.0,-54.0,24
-68.0,-74.0,-66.0,-74.0,-52.0,-66.0,-40.0,-60.0,-46.0,-54.0,24
-70.0,-74.0,-68.0,-76.0,-52.0,-64.0,-40.0,-60.0,-46.0,-52.0,24
-70.0,-74.0,-66.0,-76.0,-50.0,-66.0,-40.0,-60.0,-46.0,-54.0,24
-68.0,-74.0,-66.0,-76.0,-52.0,-66.0,-40.0,-60.0,-46.0,-54.0,24
-70.0,-74.0,-68.0,-76.0,-52.0,-64.0,-40.0,-60.0,-46.0,-54.0,24
-68.0,-74.0,-66.0,-76.0,-50.0,-66.0,-40.0,-62.0,-46.0,-54.0,24
-68.0,-74.0,-68.0,-74.0,-52.0,-66.0,-40.0,-60.0,-46.0,-54.0,24
-70.0,-74.0,-70.0,-74.0,-50.0,-64.0,-40.0,-60.0,-46.0,-52.0,24
-70.0,-74.0,-66.0,-74.0,-50.0,-66.0,-40.0,-60.0,-46.0,-52.0,24
-70.0,-74.0,-66.0,-76.0,-52.0,-66.0,-40.0,-60.0,-46.0,-52.0,24
-70.0,-74.0,-66.0,-74.0,-52.0,-64.0,-40.0,-60.0,-46.0,-50.0,24
-70.0,-74.0,-68.0,-74.0,-50.0,-66.0,-40.0,-60.0,-46.0,-50.0,24
-68.0,-74.0,-66.0,-74.0,-52.0,-66.0,-40.0,-60.0,-46.0,-52.0,24
-68.0,-74.0,-68.0,-74.0,-50.0,-64.0,-40.0,-60.0,-46.0,-52.0,24
-68.0,-74.0,-70.0,-74.0,-50.0,-66.0,-40.0,-60.0,-46.0,-54.0,24
-70.0,-74.0,-66.0,-76.0,-52.0,-66.0,-40.0,-60.0,-46.0,-52.0,24
-70.0,-74.0,-68.0,-74.0,-50.0,-64.0,-40.0,-60.0,-46.0,-52.0,24
-70.0,-74.0,-66.0,-74.0,-50.0,-66.0,-40.0,-60.0,-46.0,-52.0,24
-68.0,-74.0,-68.0,-78.0,-52.0,-66.0,-40.0,-60.0,-46.0,-52.0,24
-70.0,-76.0,-66.0,-74.0,-52.0,-64.0,-40.0,-60.0,-46.0,-52.0,24
-70.0,-74.0,-66.0,-74.0,-52.0,-64.0,-40.0,-60.0,-46.0,-52.0,24
-68.0,-76.0,-70.0,-76.0,-50.0,-66.0,-40.0,-60.0,-46.0,-52.0,24
-68.0,-74.0,-68.0,-76.0,-50.0,-64.0,-40.0,-60.0,-46.0,-52.0,24
-70.0,-76.0,-66.0,-76.0,-52.0,-66.0,-40.0,-60.0,-46.0,-52.0,24
-68.0,-76.0,-66.0,-74.0,-52.0,-66.0,-40.0,-60.0,-46.0,-52.0,24
-68.0,-74.0,-66.0,-74.0,-52.0,-64.0,-40.0,-60.0,-46.0,-52.0,24
-68.0,-74.0,-66.0,-76.0,-50.0,-66.0,-40.0,-60.0,-46.0,-54.0,24
-68.0,-74.0,-68.0,-76.0,-52.0,-66.0,-40.0,-60.0,-46.0,-52.0,24
-70.0,-74.0,-68.0,-74.0,-52.0,-64.0,-40.0,-60.0,-46.0,-52.0,24
-68.0,-74.0,-68.0,-74.0,-52.0,-66.0,-40.0,-60.0,-46.0,-52.0,24
-68.0,-74.0,-68.0,-74.0,-52.0,-66.0,-40.0,-60.0,-46.0,-52.0,24
-70.0,-74.0,-68.0,-76.0,-52.0,-66.0,-40.0,-60.0,-46.0,-52.0,24
-70.0,-74.0,-66.0,-74.0,-52.0,-64.0,-40.0,-62.0,-46.0,-52.0,24
-68.0,-74.0,-66.0,-74.0,-52.0,-66.0,-40.0,-60.0,-46.0,-52.0,24
-70.0,-74.0,-68.0,-74.0,-52.0,-64.0,-40.0,-60.0,-46.0,-52.0,24
-68.0,-74.0,-66.0,-76.0,-52.0,-66.0,-40.0,-60.0,-46.0,-52.0,24
-70.0,-74.0,-66.0,-76.0,-52.0,-66.0,-40.0,-60.0,-46.0,-52.0,24
-70.0,-74.0,-66.0,-74.0,-52.0,-64.0,-40.0,-60.0,-46.0,-52.0,24
-70.0,-74.0,-68.0,-76.0,-50.0,-66.0,-40.0,-60.0,-46.0,-52.0,24
-68.0,-82.0,-60.0,-82.0,-50.0,-58.0,-40.0,-56.0,-72.0,-48.0,25
-68.0,-82.0,-62.0,-82.0,-50.0,-56.0,-40.0,-56.0,-82.0,-46.0,25
-68.0,-80.0,-64.0,-82.0,-48.0,-58.0,-40.0,-56.0,-42.0,-50.0,25
-66.0,-82.0,-62.0,-80.0,-48.0,-58.0,-40.0,-56.0,-42.0,-46.0,25
-68.0,-82.0,-62.0,-80.0,-50.0,-58.0,-40.0,-56.0,-42.0,-46.0,25
-68.0,-82.0,-62.0,-82.0,-48.0,-58.0,-40.0,-56.0,-42.0,-46.0,25
-68.0,-82.0,-62.0,-82.0,-48.0,-58.0,-40.0,-56.0,-42.0,-46.0,25
-70.0,-82.0,-62.0,-80.0,-48.0,-58.0,-40.0,-56.0,-42.0,-46.0,25
-66.0,-82.0,-62.0,-80.0,-48.0,-58.0,-40.0,-58.0,-42.0,-46.0,25
-68.0,-82.0,-62.0,-80.0,-48.0,-56.0,-40.0,-56.0,-42.0,-48.0,25
-68.0,-82.0,-62.0,-80.0,-48.0,-58.0,-40.0,-56.0,-42.0,-48.0,25
-68.0,-82.0,-62.0,-82.0,-48.0,-58.0,-40.0,-56.0,-40.0,-46.0,25
-68.0,-82.0,-62.0,-80.0,-50.0,-58.0,-40.0,-56.0,-42.0,-48.0,25
-68.0,-80.0,-62.0,-80.0,-48.0,-58.0,-40.0,-56.0,-42.0,-46.0,25
-68.0,-82.0,-62.0,-82.0,-48.0,-58.0,-40.0,-56.0,-42.0,-50.0,25
-68.0,-82.0,-60.0,-80.0,-48.0,-58.0,-40.0,-58.0,-42.0,-46.0,25
-68.0,-82.0,-62.0,-82.0,-50.0,-58.0,-40.0,-56.0,-42.0,-46.0,25
-66.0,-82.0,-64.0,-80.0,-48.0,-58.0,-40.0,-56.0,-42.0,-46.0,25
-68.0,-82.0,-62.0,-80.0,-48.0,-58.0,-40.0,-56.0,-42.0,-46.0,25
-68.0,-82.0,-62.0,-82.0,-48.0,-58.0,-40.0,-56.0,-42.0,-46.0,25
-68.0,-84.0,-62.0,-82.0,-48.0,-58.0,-40.0,-56.0,-42.0,-46.0,25
-68.0,-82.0,-62.0,-80.0,-50.0,-56.0,-40.0,-56.0,-42.0,-48.0,25
-68.0,-82.0,-62.0,-80.0,-46.0,-58.0,-40.0,-56.0,-42.0,-46.0,25
-68.0,-82.0,-62.0,-80.0,-50.0,-58.0,-40.0,-56.0,-42.0,-46.0,25
-68.0,-82.0,-62.0,-82.0,-50.0,-58.0,-40.0,-56.0,-42.0,-46.0,25
-68.0,-82.0,-64.0,-80.0,-48.0,-58.0,-40.0,-56.0,-42.0,-50.0,25
-68.0,-82.0,-62.0,-80.0,-48.0,-58.0,-40.0,-56.0,-42.0,-50.0,25
-68.0,-82.0,-62.0,-80.0,-48.0,-58.0,-40.0,-56.0,-42.0,-46.0,25
-68.0,-82.0,-62.0,-82.0,-46.0,-58.0,-40.0,-56.0,-40.0,-46.0,25
-68.0,-82.0,-64.0,-82.0,-50.0,-58.0,-40.0,-56.0,-42.0,-46.0,25
-68.0,-82.0,-62.0,-82.0,-48.0,-58.0,-40.0,-56.0,-40.0,-46.0,25
-68.0,-82.0,-62.0,-82.0,-48.0,-58.0,-40.0,-56.0,-42.0,-46.0,25
-68.0,-82.0,-62.0,-80.0,-50.0,-58.0,-40.0,-56.0,-42.0,-46.0,25
-68.0,-82.0,-62.0,-80.0,-48.0,-58.0,-40.0,-56.0,-42.0,-46.0,25
-68.0,-82.0,-62.0,-82.0,-48.0,-58.0,-40.0,-56.0,-40.0,-46.0,25
-68.0,-82.0,-62.0,-82.0,-48.0,-58.0,-40.0,-56.0,-40.0,-46.0,25
-66.0,-82.0,-62.0,-80.0,-48.0,-58.0,-40.0,-56.0,-42.0,-46.0,25
-68.0,-82.0,-64.0,-80.0,-46.0,-58.0,-40.0,-56.0,-42.0,-48.0,25
-68.0,-82.0,-64.0,-80.0,-50.0,-56.0,-40.0,-56.0,-42.0,-48.0,25
-68.0,-82.0,-60.0,-82.0,-48.0,-58.0,-40.0,-58.0,-42.0,-48.0,25
-68.0,-82.0,-62.0,-82.0,-46.0,-58.0,-40.0,-56.0,-42.0,-46.0,25
-68.0,-82.0,-62.0,-82.0,-50.0,-58.0,-40.0,-56.0,-42.0,-46.0,25
-68.0,-82.0,-60.0,-82.0,-46.0,-58.0,-40.0,-58.0,-42.0,-48.0,25
-68.0,-82.0,-64.0,-80.0,-48.0,-58.0,-40.0,-58.0,-42.0,-48.0,25
-68.0,-82.0,-60.0,-82.0,-50.0,-56.0,-40.0,-56.0,-42.0,-48.0,25
-68.0,-82.0,-62.0,-82.0,-46.0,-58.0,-40.0,-58.0,-42.0,-46.0,25
-66.0,-82.0,-62.0,-80.0,-50.0,-58.0,-40.0,-56.0,-42.0,-48.0,25
-68.0,-82.0,-60.0,-80.0,-48.0,-58.0,-40.0,-56.0,-40.0,-46.0,25
-68.0,-82.0,-62.0,-80.0,-46.0,-58.0,-40.0,-56.0,-42.0,-46.0,25
-68.0,-82.0,-62.0,-80.0,-48.0,-58.0,-40.0,-56.0,-42.0,-46.0,25
-64.0,-80.0,-68.0,-78.0,-44.0,-64.0,-46.0,-54.0,-40.0,-50.0,26
-66.0,-80.0,-68.0,-78.0,-44.0,-64.0,-46.0,-54.0,-40.0,-50.0,26
-66.0,-80.0,-68.0,-76.0,-44.0,-64.0,-46.0,-54.0,-38.0,-50.0,26
-66.0,-80.0,-68.0,-76.0,-44.0,-64.0,-46.0,-54.0,-40.0,-50.0,26
-66.0,-78.0,-68.0,-76.0,-44.0,-64.0,-46.0,-56.0,-40.0,-50.0,26
-66.0,-80.0,-68.0,-78.0,-44.0,-64.0,-46.0,-54.0,-40.0,-50.0,26
-68.0,-78.0,-68.0,-78.0,-44.0,-64.0,-46.0,-54.0,-40.0,-50.0,26
-64.0,-78.0,-68.0,-78.0,-44.0,-64.0,-46.0,-56.0,-40.0,-50.0,26
-66.0,-80.0,-68.0,-76.0,-44.0,-64.0,-46.0,-54.0,-40.0,-50.0,26
-66.0,-80.0,-68.0,-78.0,-44.0,-66.0,-46.0,-56.0,-40.0,-50.0,26
-66.0,-78.0,-68.0,-78.0,-44.0,-64.0,-46.0,-56.0,-40.0,-50.0,26
-64.0,-78.0,-68.0,-76.0,-44.0,-64.0,-46.0,-56.0,-40.0,-50.0,26
-64.0,-82.0,-68.0,-76.0,-44.0,-64.0,-46.0,-56.0,-40.0,-50.0,26
-66.0,-78.0,-68.0,-78.0,-44.0,-64.0,-46.0,-56.0,-40.0,-50.0,26
-66.0,-80.0,-68.0,-78.0,-44.0,-64.0,-46.0,-56.0,-40.0,-50.0,26
-66.0,-78.0,-68.0,-76.0,-44.0,-64.0,-46.0,-54.0,-40.0,-50.0,26
-66.0,-80.0,-68.0,-78.0,-44.0,-64.0,-46.0,-54.0,-40.0,-50.0,26
-66.0,-80.0,-68.0,-76.0,-44.0,-66.0,-46.0,-56.0,-40.0,-50.0,26
-66.0,-80.0,-66.0,-78.0,-44.0,-64.0,-46.0,-56.0,-40.0,-50.0,26
-66.0,-82.0,-68.0,-78.0,-44.0,-64.0,-46.0,-54.0,-40.0,-50.0,26
-66.0,-78.0,-66.0,-76.0,-44.0,-64.0,-46.0,-56.0,-40.0,-50.0,26
-66.0,-78.0,-68.0,-78.0,-44.0,-64.0,-46.0,-56.0,-40.0,-50.0,26
-64.0,-78.0,-68.0,-78.0,-44.0,-66.0,-46.0,-56.0,-40.0,-50.0,26
-66.0,-78.0,-66.0,-76.0,-44.0,-64.0,-46.0,-56.0,-40.0,-50.0,26
-66.0,-78.0,-68.0,-76.0,-44.0,-64.0,-46.0,-54.0,-40.0,-50.0,26
-66.0,-82.0,-68.0,-76.0,-44.0,-64.0,-46.0,-56.0,-38.0,-50.0,26
-66.0,-80.0,-70.0,-76.0,-44.0,-66.0,-46.0,-54.0,-40.0,-50.0,26
-66.0,-78.0,-66.0,-76.0,-44.0,-66.0,-46.0,-56.0,-40.0,-50.0,26
-66.0,-80.0,-68.0,-76.0,-44.0,-66.0,-46.0,-56.0,-40.0,-50.0,26
-66.0,-80.0,-68.0,-78.0,-44.0,-64.0,-46.0,-54.0,-40.0,-52.0,26
-66.0,-82.0,-68.0,-76.0,-44.0,-66.0,-46.0,-54.0,-40.0,-50.0,26
-66.0,-80.0,-68.0,-76.0,-44.0,-66.0,-46.0,-54.0,-40.0,-50.0,26
-66.0,-82.0,-66.0,-76.0,-44.0,-64.0,-46.0,-54.0,-40.0,-50.0,26
-68.0,-80.0,-66.0,-78.0,-44.0,-64.0,-46.0,-54.0,-40.0,-50.0,26
-66.0,-80.0,-68.0,-76.0,-44.0,-64.0,-46.0,-56.0,-40.0,-50.0,26
-64.0,-80.0,-70.0,-78.0,-44.0,-64.0,-46.0,-56.0,-40.0,-52.0,26
-66.0,-82.0,-68.0,-76.0,-44.0,-66.0,-46.0,-54.0,-40.0,-52.0,26
-64.0,-82.0,-68.0,-76.0,-44.0,-64.0,-46.0,-54.0,-40.0,-50.0,26
-66.0,-80.0,-68.0,-78.0,-44.0,-66.0,-46.0,-56.0,-40.0,-50.0,26
-66.0,-82.0,-70.0,-76.0,-44.0,-64.0,-46.0,-56.0,-40.0,-50.0,26
-66.0,-78.0,-68.0,-76.0,-44.0,-64.0,-46.0,-56.0,-40.0,-50.0,26
-66.0,-78.0,-68.0,-76.0,-44.0,-64.0,-46.0,-54.0,-40.0,-50.0,26
-66.0,-78.0,-68.0,-78.0,-44.0,-64.0,-46.0,-56.0,-40.0,-52.0,26
-64.0,-78.0,-70.0,-78.0,-44.0,-64.0,-46.0,-56.0,-40.0,-50.0,26
-66.0,-80.0,-68.0,-76.0,-44.0,-64.0,-46.0,-56.0,-40.0,-50.0,26
-66.0,-80.0,-66.0,-78.0,-44.0,-64.0,-46.0,-56.0,-40.0,-52.0,26
-66.0,-80.0,-66.0,-78.0,-44.0,-66.0,-46.0,-56.0,-40.0,-50.0,26
-66.0,-78.0,-68.0,-78.0,-44.0,-64.0,-46.0,-56.0,-40.0,-50.0,26
-66.0,-80.0,-68.0,-76.0,-44.0,-64.0,-46.0,-54.0,-40.0,-50.0,26
-64.0,-82.0,-64.0,-78.0,-54.0,-60.0,-38.0,-56.0,-40.0,-48.0,27
-66.0,-80.0,-64.0,-78.0,-54.0,-62.0,-38.0,-56.0,-40.0,-48.0,27
-66.0,-82.0,-66.0,-78.0,-54.0,-60.0,-38.0,-56.0,-40.0,-50.0,27
-66.0,-82.0,-64.0,-76.0,-52.0,-62.0,-38.0,-56.0,-38.0,-50.0,27
-64.0,-82.0,-66.0,-76.0,-52.0,-62.0,-38.0,-56.0,-40.0,-50.0,27
-66.0,-82.0,-64.0,-78.0,-52.0,-62.0,-38.0,-56.0,-40.0,-50.0,27
-66.0,-82.0,-64.0,-78.0,-54.0,-62.0,-38.0,-58.0,-40.0,-48.0,27
-66.0,-82.0,-64.0,-78.0,-52.0,-60.0,-38.0,-58.0,-40.0,-48.0,27
-66.0,-82.0,-64.0,-78.0,-52.0,-62.0,-38.0,-58.0,-40.0,-50.0,27
-66.0,-82.0,-66.0,-78.0,-54.0,-62.0,-38.0,-56.0,-40.0,-50.0,27
-66.0,-82.0,-64.0,-78.0,-54.0,-62.0,-38.0,-58.0,-40.0,-50.0,27
-66.0,-82.0,-64.0,-78.0,-54.0,-62.0,-38.0,-56.0,-40.0,-48.0,27
-64.0,-80.0,-64.0,-78.0,-52.0,-62.0,-38.0,-56.0,-40.0,-48.0,27
-66.0,-82.0,-66.0,-76.0,-52.0,-60.0,-38.0,-56.0,-40.0,-50.0,27
-66.0,-80.0,-64.0,-78.0,-52.0,-62.0,-38.0,-58.0,-40.0,-50.0,27
-66.0,-82.0,-66.0,-76.0,-52.0,-60.0,-38.0,-58.0,-40.0,-50.0,27
-64.0,-80.0,-64.0,-78.0,-54.0,-60.0,-38.0,-58.0,-40.0,-50.0,27
-64.0,-82.0,-64.0,-76.0,-50.0,-62.0,-38.0,-58.0,-40.0,-48.0,27
-64.0,-82.0,-66.0,-76.0,-52.0,-60.0,-38.0,-56.0,-40.0,-50.0,27
-66.0,-82.0,-64.0,-78.0,-52.0,-62.0,-38.0,-58.0,-40.0,-50.0,27
-66.0,-82.0,-64.0,-76.0,-52.0,-62.0,-38.0,-58.0,-40.0,-50.0,27
-66.0,-82.0,-64.0,-78.0,-52.0,-62.0,-38.0,-56.0,-40.0,-50.0,27
-66.0,-82.0,-66.0,-78.0,-54.0,-60.0,-38.0,-56.0,-40.0,-50.0,27
-64.0,-82.0,-64.0,-78.0,-54.0,-62.0,-38.0,-56.0,-40.0,-48.0,27
-66.0,-80.0,-64.0,-78.0,-52.0,-62.0,-38.0,-56.0,-40.0,-50.0,27
-64.0,-82.0,-64.0,-76.0,-52.0,-62.0,-38.0,-56.0,-40.0,-50.0,27
-64.0,-82.0,-64.0,-78.0,-54.0,-62.0,-38.0,-56.0,-40.0,-50.0,27
-64.0,-82.0,-66.0,-78.0,-52.0,-62.0,-38.0,-56.0,-40.0,-48.0,27
-64.0,-82.0,-64.0,-76.0,-54.0,-62.0,-38.0,-56.0,-40.0,-48.0,27
-66.0,-82.0,-66.0,-78.0,-52.0,-62.0,-38.0,-58.0,-40.0,-48.0,27
-66.0,-80.0,-64.0,-78.0,-52.0,-62.0,-38.0,-56.0,-40.0,-50.0,27
-64.0,-82.0,-66.0,-78.0,-54.0,-62.0,-38.0,-58.0,-40.0,-50.0,27
-64.0,-82.0,-66.0,-78.0,-54.0,-60.0,-38.0,-56.0,-40.0,-50.0,27
-66.0,-82.0,-66.0,-76.0,-52.0,-60.0,-38.0,-56.0,-40.0,-48.0,27
-66.0,-82.0,-64.0,-78.0,-52.0,-62.0,-38.0,-56.0,-40.0,-48.0,27
-66.0,-82.0,-66.0,-78.0,-52.0,-62.0,-38.0,-56.0,-40.0,-50.0,27
-66.0,-82.0,-66.0,-76.0,-52.0,-62.0,-38.0,-56.0,-40.0,-50.0,27
-64.0,-80.0,-66.0,-76.0,-52.0,-62.0,-38.0,-58.0,-40.0,-50.0,27
-66.0,-82.0,-64.0,-76.0,-54.0,-62.0,-38.0,-58.0,-40.0,-50.0,27
-64.0,-82.0,-64.0,-76.0,-52.0,-62.0,-38.0,-56.0,-40.0,-48.0,27
-64.0,-82.0,-66.0,-76.0,-52.0,-60.0,-38.0,-58.0,-40.0,-50.0,27
-66.0,-82.0,-64.0,-78.0,-52.0,-62.0,-38.0,-56.0,-40.0,-50.0,27
-64.0,-82.0,-66.0,-78.0,-54.0,-62.0,-38.0,-56.0,-40.0,-50.0,27
-64.0,-80.0,-64.0,-78.0,-54.0,-60.0,-38.0,-56.0,-40.0,-50.0,27
-64.0,-82.0,-64.0,-76.0,-52.0,-62.0,-38.0,-56.0,-40.0,-50.0,27
-66.0,-80.0,-64.0,-76.0,-52.0,-60.0,-38.0,-56.0,-40.0,-48.0,27
-64.0,-82.0,-64.0,-76.0,-54.0,-60.0,-38.0,-58.0,-40.0,-50.0,27
-66.0,-82.0,-66.0,-76.0,-52.0,-62.0,-38.0,-58.0,-40.0,-50.0,27
-66.0,-82.0,-64.0,-76.0,-52.0,-62.0,-38.0,-58.0,-40.0,-50.0,27
-74.0,-78.0,-66.0,-78.0,-46.0,-64.0,-40.0,-56.0,-76.0,-54.0,28
-74.0,-78.0,-66.0,-78.0,-46.0,-62.0,-40.0,-56.0,-34.0,-52.0,28
-74.0,-78.0,-66.0,-78.0,-48.0,-62.0,-40.0,-56.0,-36.0,-52.0,28
-74.0,-78.0,-64.0,-78.0,-46.0,-64.0,-40.0,-56.0,-36.0,-52.0,28
-76.0,-78.0,-66.0,-78.0,-46.0,-64.0,-40.0,-56.0,-36.0,-52.0,28
-74.0,-78.0,-64.0,-78.0,-46.0,-64.0,-40.0,-56.0,-34.0,-52.0,28
-74.0,-78.0,-68.0,-80.0,-46.0,-64.0,-40.0,-56.0,-36.0,-52.0,28
-74.0,-78.0,-66.0,-80.0,-48.0,-64.0,-40.0,-56.0,-34.0,-54.0,28
-74.0,-78.0,-66.0,-78.0,-48.0,-64.0,-40.0,-56.0,-34.0,-52.0,28
-74.0,-78.0,-66.0,-78.0,-48.0,-64.0,-40.0,-56.0,-36.0,-52.0,28
-74.0,-78.0,-66.0,-80.0,-48.0,-62.0,-40.0,-56.0,-34.0,-54.0,28
-72.0,-78.0,-66.0,-78.0,-48.0,-62.0,-40.0,-56.0,-34.0,-52.0,28
-72.0,-80.0,-66.0,-80.0,-46.0,-64.0,-40.0,-56.0,-34.0,-52.0,28
-76.0,-78.0,-66.0,-80.0,-46.0,-64.0,-40.0,-56.0,-34.0,-52.0,28
-76.0,-78.0,-66.0,-80.0,-48.0,-64.0,-40.0,-56.0,-36.0,-54.0,28
-74.0,-78.0,-66.0,-78.0,-48.0,-64.0,-40.0,-56.0,-34.0,-54.0,28
-76.0,-78.0,-66.0,-80.0,-46.0,-64.0,-40.0,-56.0,-34.0,-54.0,28
-74.0,-78.0,-66.0,-80.0,-46.0,-64.0,-40.0,-56.0,-36.0,-54.0,28
-74.0,-78.0,-66.0,-78.0,-48.0,-64.0,-40.0,-56.0,-34.0,-54.0,28
-76.0,-78.0,-66.0,-78.0,-48.0,-62.0,-40.0,-56.0,-34.0,-54.0,28
-74.0,-78.0,-66.0,-80.0,-48.0,-64.0,-40.0,-56.0,-36.0,-52.0,28
-76.0,-80.0,-66.0,-78.0,-48.0,-64.0,-40.0,-56.0,-34.0,-52.0,28
-76.0,-78.0,-66.0,-80.0,-48.0,-64.0,-40.0,-56.0,-34.0,-54.0,28
-74.0,-78.0,-66.0,-80.0,-48.0,-64.0,-40.0,-56.0,-34.0,-54.0,28
-74.0,-78.0,-66.0,-80.0,-48.0,-64.0,-40.0,-56.0,-36.0,-52.0,28
-74.0,-78.0,-66.0,-80.0,-48.0,-64.0,-40.0,-56.0,-34.0,-52.0,28
-74.0,-76.0,-68.0,-80.0,-48.0,-64.0,-40.0,-56.0,-34.0,-52.0,28
-74.0,-78.0,-66.0,-80.0,-48.0,-64.0,-40.0,-56.0,-34.0,-54.0,28
-74.0,-78.0,-66.0,-78.0,-48.0,-62.0,-40.0,-56.0,-34.0,-52.0,28
-76.0,-78.0,-66.0,-80.0,-48.0,-62.0,-40.0,-56.0,-34.0,-52.0,28
-76.0,-78.0,-66.0,-80.0,-48.0,-64.0,-40.0,-56.0,-34.0,-52.0,28
-76.0,-78.0,-66.0,-80.0,-48.0,-64.0,-40.0,-56.0,-36.0,-52.0,28
-74.0,-78.0,-66.0,-80.0,-48.0,-64.0,-40.0,-56.0,-34.0,-54.0,28
-74.0,-78.0,-66.0,-80.0,-48.0,-64.0,-40.0,-56.0,-34.0,-54.0,28
-74.0,-78.0,-66.0,-78.0,-48.0,-64.0,-40.0,-56.0,-34.0,-52.0,28
-74.0,-78.0,-66.0,-76.0,-48.0,-64.0,-40.0,-56.0,-34.0,-52.0,28
-74.0,-78.0,-66.0,-78.0,-48.0,-62.0,-40.0,-56.0,-34.0,-52.0,28
-74.0,-78.0,-66.0,-78.0,-46.0,-62.0,-40.0,-56.0,-34.0,-52.0,28
-76.0,-78.0,-66.0,-78.0,-46.0,-62.0,-40.0,-56.0,-34.0,-52.0,28
-76.0,-78.0,-66.0,-78.0,-46.0,-64.0,-40.0,-56.0,-34.0,-52.0,28
-74.0,-78.0,-66.0,-80.0,-48.0,-64.0,-40.0,-56.0,-34.0,-54.0,28
-76.0,-78.0,-66.0,-78.0,-48.0,-64.0,-40.0,-56.0,-34.0,-52.0,28
-76.0,-78.0,-66.0,-78.0,-46.0,-64.0,-40.0,-56.0,-34.0,-52.0,28
-76.0,-78.0,-66.0,-78.0,-46.0,-64.0,-40.0,-56.0,-34.0,-54.0,28
-76.0,-78.0,-66.0,-78.0,-46.0,-64.0,-40.0,-56.0,-34.0,-54.0,28
-76.0,-78.0,-66.0,-78.0,-46.0,-64.0,-40.0,-56.0,-34.0,-54.0,28
-74.0,-78.0,-64.0,-78.0,-46.0,-64.0,-40.0,-56.0,-34.0,-54.0,28
-76.0,-78.0,-66.0,-78.0,-46.0,-62.0,-40.0,-56.0,-34.0,-52.0,28
-76.0,-80.0,-66.0,-78.0,-46.0,-62.0,-40.0,-56.0,-34.0,-52.0,28
-74.0,-78.0,-66.0,-78.0,-48.0,-64.0,-40.0,-56.0,-36.0,-52.0,28
-70.0,-80.0,-68.0,-78.0,-50.0,-64.0,-44.0,-58.0,-34.0,-42.0,29
-70.0,-80.0,-66.0,-80.0,-50.0,-64.0,-44.0,-58.0,-36.0,-44.0,29
-70.0,-80.0,-68.0,-78.0,-50.0,-64.0,-44.0,-56.0,-36.0,-44.0,29
-70.0,-80.0,-68.0,-78.0,-50.0,-64.0,-44.0,-56.0,-36.0,-44.0,29
-70.0,-80.0,-66.0,-78.0,-50.0,-64.0,-44.0,-56.0,-36.0,-44.0,29
-70.0,-78.0,-68.0,-76.0,-52.0,-64.0,-44.0,-56.0,-34.0,-44.0,29
-70.0,-80.0,-68.0,-78.0,-50.0,-64.0,-44.0,-56.0,-34.0,-44.0,29
-70.0,-80.0,-66.0,-78.0,-52.0,-64.0,-44.0,-56.0,-34.0,-44.0,29
-70.0,-80.0,-66.0,-78.0,-52.0,-64.0,-44.0,-56.0,-36.0,-44.0,29
-70.0,-80.0,-68.0,-78.0,-52.0,-66.0,-44.0,-58.0,-34.0,-44.0,29
-70.0,-80.0,-66.0,-78.0,-52.0,-64.0,-44.0,-56.0,-36.0,-44.0,29
-70.0,-78.0,-68.0,-78.0,-50.0,-64.0,-44.0,-58.0,-34.0,-44.0,29
-70.0,-78.0,-66.0,-78.0,-52.0,-64.0,-44.0,-56.0,-36.0,-44.0,29
-70.0,-80.0,-66.0,-80.0,-52.0,-64.0,-44.0,-56.0,-34.0,-44.0,29
-70.0,-80.0,-68.0,-78.0,-52.0,-66.0,-44.0,-58.0,-34.0,-44.0,29
-70.0,-80.0,-66.0,-78.0,-52.0,-64.0,-44.0,-56.0,-34.0,-44.0,29
-70.0,-80.0,-68.0,-78.0,-52.0,-64.0,-44.0,-56.0,-36.0,-44.0,29
-70.0,-80.0,-66.0,-80.0,-50.0,-64.0,-44.0,-58.0,-34.0,-44.0,29
-68.0,-80.0,-68.0,-80.0,-50.0,-64.0,-44.0,-58.0,-34.0,-44.0,29
-70.0,-78.0,-66.0,-80.0,-52.0,-64.0,-44.0,-58.0,-36.0,-44.0,29
-70.0,-80.0,-66.0,-80.0,-52.0,-64.0,-44.0,-56.0,-36.0,-44.0,29
-70.0,-80.0,-68.0,-80.0,-52.0,-64.0,-44.0,-56.0,-36.0,-44.0,29
-68.0,-80.0,-68.0,-80.0,-52.0,-64.0,-44.0,-56.0,-34.0,-44.0,29
-70.0,-80.0,-68.0,-80.0,-52.0,-64.0,-44.0,-58.0,-34.0,-44.0,29
-70.0,-80.0,-66.0,-80.0,-52.0,-64.0,-44.0,-58.0,-34.0,-44.0,29
-70.0,-80.0,-68.0,-78.0,-52.0,-64.0,-44.0,-58.0,-36.0,-44.0,29
-68.0,-80.0,-66.0,-78.0,-52.0,-64.0,-44.0,-58.0,-36.0,-42.0,29
-70.0,-80.0,-68.0,-78.0,-52.0,-64.0,-44.0,-58.0,-36.0,-44.0,29
-68.0,-80.0,-66.0,-78.0,-52.0,-64.0,-44.0,-56.0,-34.0,-44.0,29
-70.0,-80.0,-68.0,-78.0,-52.0,-64.0,-44.0,-56.0,-36.0,-44.0,29
-70.0,-80.0,-66.0,-78.0,-50.0,-64.0,-44.0,-58.0,-36.0,-44.0,29
-70.0,-80.0,-66.0,-78.0,-50.0,-64.0,-44.0,-58.0,-34.0,-44.0,29
-68.0,-80.0,-68.0,-78.0,-52.0,-64.0,-44.0,-58.0,-34.0,-44.0,29
-70.0,-80.0,-68.0,-78.0,-52.0,-64.0,-44.0,-58.0,-36.0,-44.0,29
-70.0,-80.0,-68.0,-78.0,-50.0,-64.0,-44.0,-56.0,-36.0,-44.0,29
-70.0,-80.0,-68.0,-78.0,-52.0,-64.0,-44.0,-56.0,-34.0,-44.0,29
-70.0,-80.0,-68.0,-80.0,-52.0,-64.0,-44.0,-58.0,-34.0,-44.0,29
-70.0,-80.0,-66.0,-80.0,-50.0,-64.0,-44.0,-56.0,-34.0,-44.0,29
-70.0,-80.0,-66.0,-78.0,-50.0,-64.0,-44.0,-56.0,-34.0,-44.0,29
-70.0,-80.0,-68.0,-78.0,-52.0,-64.0,-44.0,-58.0,-36.0,-44.0,29
-70.0,-80.0,-68.0,-78.0,-58.0,-64.0,-44.0,-56.0,-36.0,-44.0,29
-70.0,-80.0,-66.0,-78.0,-50.0,-64.0,-44.0,-56.0,-36.0,-44.0,29
-70.0,-80.0,-66.0,-78.0,-50.0,-64.0,-44.0,-56.0,-36.0,-44.0,29
-70.0,-80.0,-68.0,-78.0,-52.0,-64.0,-44.0,-56.0,-34.0,-44.0,29
-70.0,-80.0,-68.0,-80.0,-52.0,-64.0,-44.0,-56.0,-36.0,-44.0,29
-72.0,-80.0,-68.0,-78.0,-50.0,-64.0,-44.0,-56.0,-34.0,-44.0,29
-70.0,-80.0,-68.0,-78.0,-52.0,-66.0,-44.0,-56.0,-34.0,-44.0,29
-70.0,-80.0,-66.0,-78.0,-50.0,-64.0,-44.0,-58.0,-36.0,-46.0,29
-70.0,-80.0,-66.0,-78.0,-50.0,-64.0,-44.0,-56.0,-34.0,-44.0,29
-54.0,-66.0,-44.0,-64.0,-34.0,-52.0,-54.0,-62.0,-64.0,-62.0,2
-56.0,-66.0,-44.0,-66.0,-34.0,-52.0,-54.0,-64.0,-64.0,-64.0,2
-54.0,-66.0,-44.0,-64.0,-34.0,-52.0,-54.0,-64.0,-64.0,-62.0,2
-52.0,-66.0,-44.0,-64.0,-34.0,-52.0,-52.0,-62.0,-64.0,-62.0,2
-52.0,-66.0,-44.0,-64.0,-34.0,-52.0,-54.0,-62.0,-64.0,-64.0,2
-52.0,-66.0,-44.0,-66.0,-34.0,-52.0,-54.0,-62.0,-64.0,-64.0,2
-54.0,-66.0,-44.0,-64.0,-34.0,-52.0,-52.0,-64.0,-64.0,-62.0,2
-54.0,-66.0,-44.0,-64.0,-34.0,-52.0,-54.0,-62.0,-64.0,-62.0,2
-54.0,-66.0,-44.0,-62.0,-34.0,-52.0,-54.0,-62.0,-64.0,-62.0,2
-54.0,-66.0,-44.0,-64.0,-34.0,-52.0,-54.0,-62.0,-62.0,-64.0,2
-54.0,-66.0,-44.0,-64.0,-34.0,-52.0,-54.0,-64.0,-64.0,-64.0,2
-54.0,-66.0,-44.0,-64.0,-34.0,-52.0,-54.0,-64.0,-64.0,-62.0,2
-54.0,-66.0,-44.0,-64.0,-34.0,-52.0,-54.0,-62.0,-64.0,-62.0,2
-54.0,-66.0,-44.0,-64.0,-34.0,-52.0,-54.0,-62.0,-64.0,-62.0,2
-54.0,-66.0,-44.0,-64.0,-34.0,-52.0,-54.0,-62.0,-64.0,-62.0,2
-54.0,-66.0,-44.0,-64.0,-34.0,-52.0,-54.0,-62.0,-62.0,-62.0,2
-54.0,-66.0,-44.0,-64.0,-34.0,-52.0,-54.0,-64.0,-62.0,-62.0,2
-54.0,-66.0,-44.0,-64.0,-34.0,-52.0,-54.0,-64.0,-64.0,-62.0,2
-52.0,-64.0,-44.0,-64.0,-34.0,-52.0,-54.0,-62.0,-64.0,-62.0,2
-54.0,-66.0,-44.0,-64.0,-34.0,-52.0,-54.0,-62.0,-62.0,-62.0,2
-54.0,-66.0,-44.0,-64.0,-34.0,-52.0,-52.0,-62.0,-62.0,-62.0,2
-52.0,-66.0,-44.0,-64.0,-34.0,-52.0,-54.0,-62.0,-62.0,-62.0,2
-54.0,-66.0,-44.0,-64.0,-34.0,-52.0,-52.0,-64.0,-64.0,-62.0,2
-54.0,-66.0,-44.0,-64.0,-34.0,-52.0,-54.0,-62.0,-64.0,-62.0,2
-52.0,-66.0,-44.0,-64.0,-34.0,-52.0,-54.0,-62.0,-64.0,-64.0,2
-54.0,-66.0,-44.0,-64.0,-34.0,-52.0,-54.0,-64.0,-64.0,-64.0,2
-54.0,-66.0,-44.0,-64.0,-34.0,-52.0,-54.0,-64.0,-64.0,-64.0,2
-52.0,-66.0,-44.0,-64.0,-34.0,-52.0,-52.0,-64.0,-64.0,-62.0,2
-54.0,-66.0,-44.0,-64.0,-34.0,-52.0,-52.0,-62.0,-64.0,-62.0,2
-54.0,-66.0,-44.0,-64.0,-34.0,-52.0,-54.0,-64.0,-64.0,-62.0,2
-52.0,-66.0,-44.0,-64.0,-34.0,-52.0,-52.0,-62.0,-62.0,-64.0,2
-54.0,-66.0,-44.0,-64.0,-34.0,-52.0,-52.0,-64.0,-64.0,-64.0,2
-52.0,-64.0,-44.0,-64.0,-34.0,-52.0,-52.0,-64.0,-64.0,-62.0,2
-54.0,-66.0,-44.0,-64.0,-34.0,-52.0,-52.0,-64.0,-64.0,-62.0,2
-52.0,-66.0,-44.0,-64.0,-34.0,-54.0,-52.0,-64.0,-64.0,-62.0,2
-52.0,-66.0,-44.0,-64.0,-34.0,-52.0,-52.0,-62.0,-64.0,-64.0,2
-52.0,-66.0,-44.0,-64.0,-34.0,-52.0,-52.0,-62.0,-64.0,-64.0,2
-54.0,-66.0,-44.0,-64.0,-34.0,-52.0,-52.0,-64.0,-64.0,-62.0,2
-52.0,-66.0,-44.0,-64.0,-34.0,-52.0,-52.0,-64.0,-64.0,-62.0,2
-54.0,-66.0,-44.0,-64.0,-34.0,-52.0,-54.0,-62.0,-64.0,-64.0,2
-52.0,-66.0,-44.0,-64.0,-34.0,-52.0,-52.0,-62.0,-64.0,-64.0,2
-54.0,-66.0,-44.0,-62.0,-34.0,-52.0,-54.0,-64.0,-64.0,-62.0,2
-52.0,-66.0,-44.0,-64.0,-34.0,-52.0,-54.0,-62.0,-64.0,-62.0,2
-54.0,-66.0,-44.0,-64.0,-34.0,-52.0,-54.0,-62.0,-64.0,-64.0,2
-52.0,-66.0,-44.0,-64.0,-34.0,-52.0,-54.0,-62.0,-64.0,-64.0,2
-54.0,-66.0,-44.0,-62.0,-34.0,-52.0,-54.0,-62.0,-64.0,-62.0,2
-54.0,-64.0,-44.0,-64.0,-34.0,-52.0,-54.0,-62.0,-64.0,-62.0,2
-54.0,-66.0,-44.0,-64.0,-34.0,-54.0,-54.0,-62.0,-66.0,-62.0,2
-54.0,-66.0,-44.0,-64.0,-34.0,-52.0,-54.0,-62.0,-64.0,-62.0,2
-56.0,-70.0,-46.0,-62.0,-36.0,-54.0,-50.0,-64.0,-64.0,-62.0,3
-54.0,-70.0,-46.0,-62.0,-36.0,-54.0,-48.0,-64.0,-64.0,-62.0,3
-54.0,-70.0,-48.0,-64.0,-36.0,-54.0,-50.0,-64.0,-62.0,-62.0,3
-54.0,-70.0,-46.0,-64.0,-36.0,-52.0,-50.0,-64.0,-64.0,-62.0,3
-54.0,-70.0,-46.0,-64.0,-36.0,-54.0,-48.0,-64.0,-64.0,-62.0,3
-54.0,-70.0,-46.0,-62.0,-36.0,-54.0,-50.0,-64.0,-64.0,-62.0,3
-54.0,-70.0,-48.0,-62.0,-36.0,-54.0,-50.0,-64.0,-62.0,-62.0,3
-56.0,-70.0,-46.0,-62.0,-36.0,-54.0,-50.0,-64.0,-62.0,-62.0,3
-56.0,-70.0,-46.0,-64.0,-36.0,-54.0,-50.0,-64.0,-62.0,-62.0,3
-54.0,-70.0,-46.0,-62.0,-36.0,-54.0,-48.0,-64.0,-62.0,-62.0,3
-56.0,-70.0,-46.0,-64.0,-36.0,-52.0,-48.0,-64.0,-62.0,-62.0,3
-56.0,-70.0,-46.0,-64.0,-36.0,-52.0,-48.0,-64.0,-62.0,-62.0,3
-54.0,-70.0,-46.0,-62.0,-36.0,-54.0,-50.0,-64.0,-64.0,-62.0,3
-54.0,-70.0,-46.0,-62.0,-36.0,-56.0,-50.0,-64.0,-62.0,-62.0,3
-56.0,-70.0,-46.0,-64.0,-36.0,-56.0,-48.0,-64.0,-64.0,-62.0,3
-56.0,-70.0,-46.0,-62.0,-36.0,-54.0,-50.0,-64.0,-64.0,-62.0,3
-54.0,-70.0,-46.0,-64.0,-36.0,-54.0,-50.0,-64.0,-62.0,-62.0,3
-56.0,-70.0,-46.0,-62.0,-36.0,-54.0,-48.0,-64.0,-62.0,-62.0,3
-54.0,-70.0,-46.0,-62.0,-36.0,-52.0,-50.0,-64.0,-64.0,-62.0,3
-54.0,-70.0,-46.0,-62.0,-36.0,-54.0,-48.0,-64.0,-62.0,-62.0,3
-54.0,-70.0,-46.0,-62.0,-36.0,-54.0,-50.0,-64.0,-64.0,-62.0,3
-54.0,-70.0,-46.0,-62.0,-36.0,-56.0,-50.0,-64.0,-62.0,-62.0,3
-54.0,-70.0,-48.0,-62.0,-36.0,-54.0,-50.0,-64.0,-62.0,-62.0,3
-54.0,-70.0,-48.0,-64.0,-36.0,-54.0,-50.0,-64.0,-62.0,-62.0,3
-54.0,-70.0,-46.0,-64.0,-36.0,-54.0,-50.0,-64.0,-62.0,-62.0,3
-54.0,-70.0,-46.0,-62.0,-36.0,-52.0,-50.0,-64.0,-62.0,-62.0,3
-56.0,-70.0,-48.0,-62.0,-36.0,-54.0,-50.0,-64.0,-62.0,-62.0,3
-54.0,-70.0,-46.0,-62.0,-36.0,-54.0,-50.0,-66.0,-64.0,-62.0,3
-54.0,-70.0,-48.0,-62.0,-36.0,-54.0,-50.0,-64.0,-62.0,-60.0,3
-54.0,-70.0,-46.0,-62.0,-36.0,-54.0,-48.0,-64.0,-60.0,-62.0,3
-54.0,-70.0,-46.0,-62.0,-36.0,-54.0,-50.0,-64.0,-62.0,-62.0,3
-54.0,-70.0,-48.0,-64.0,-36.0,-54.0,-48.0,-64.0,-62.0,-62.0,3
-54.0,-70.0,-48.0,-64.0,-36.0,-54.0,-48.0,-64.0,-64.0,-60.0,3
-54.0,-70.0,-48.0,-62.0,-36.0,-52.0,-50.0,-64.0,-64.0,-62.0,3
-54.0,-70.0,-48.0,-62.0,-36.0,-52.0,-50.0,-64.0,-64.0,-60.0,3
-56.0,-70.0,-48.0,-62.0,-36.0,-54.0,-48.0,-64.0,-62.0,-62.0,3
-56.0,-70.0,-46.0,-62.0,-36.0,-56.0,-50.0,-64.0,-60.0,-62.0,3
-54.0,-70.0,-46.0,-64.0,-36.0,-54.0,-50.0,-64.0,-62.0,-62.0,3
-56.0,-70.0,-48.0,-62.0,-36.0,-54.0,-50.0,-64.0,-62.0,-62.0,3
-56.0,-70.0,-46.0,-62.0,-36.0,-54.0,-50.0,-64.0,-62.0,-62.0,3
-54.0,-68.0,-48.0,-62.0,-34.0,-54.0,-50.0,-64.0,-64.0,-60.0,3
-54.0,-70.0,-48.0,-62.0,-36.0,-54.0,-50.0,-64.0,-64.0,-60.0,3
-54.0,-70.0,-48.0,-64.0,-36.0,-52.0,-50.0,-64.0,-64.0,-62.0,3
-54.0,-70.0,-48.0,-64.0,-36.0,-54.0,-50.0,-64.0,-64.0,-62.0,3
-54.0,-70.0,-48.0,-62.0,-36.0,-54.0,-50.0,-64.0,-64.0,-62.0,3
-54.0,-70.0,-46.0,-62.0,-36.0,-54.0,-50.0,-64.0,-62.0,-62.0,3
-56.0,-70.0,-46.0,-62.0,-36.0,-54.0,-50.0,-64.0,-64.0,-62.0,3
-54.0,-70.0,-48.0,-64.0,-36.0,-54.0,-50.0,-64.0,-64.0,-62.0,3
-54.0,-70.0,-48.0,-64.0,-36.0,-54.0,-50.0,-64.0,-64.0,-62.0,3
-58.0,-66.0,-46.0,-62.0,-34.0,-52.0,-50.0,-66.0,-56.0,-62.0,4
-58.0,-64.0,-46.0,-60.0,-34.0,-52.0,-50.0,-64.0,-54.0,-64.0,4
-58.0,-66.0,-46.0,-60.0,-34.0,-52.0,-50.0,-66.0,-56.0,-64.0,4
-58.0,-64.0,-46.0,-62.0,-34.0,-52.0,-50.0,-66.0,-56.0,-64.0,4
-58.0,-64.0,-46.0,-62.0,-34.0,-52.0,-50.0,-66.0,-56.0,-64.0,4
-58.0,-66.0,-46.0,-60.0,-34.0,-52.0,-50.0,-64.0,-54.0,-66.0,4
-58.0,-66.0,-48.0,-62.0,-34.0,-50.0,-50.0,-64.0,-56.0,-62.0,4
-58.0,-66.0,-46.0,-60.0,-34.0,-52.0,-50.0,-66.0,-54.0,-64.0,4
-58.0,-66.0,-46.0,-60.0,-34.0,-52.0,-50.0,-66.0,-56.0,-66.0,4
-58.0,-66.0,-48.0,-60.0,-34.0,-52.0,-50.0,-66.0,-56.0,-66.0,4
-58.0,-66.0,-46.0,-60.0,-34.0,-52.0,-50.0,-66.0,-56.0,-64.0,4
-58.0,-66.0,-46.0,-60.0,-34.0,-52.0,-50.0,-66.0,-54.0,-64.0,4
-58.0,-66.0,-46.0,-60.0,-34.0,-52.0,-50.0,-66.0,-58.0,-64.0,4
-58.0,-66.0,-48.0,-62.0,-34.0,-52.0,-50.0,-66.0,-56.0,-64.0,4
-58.0,-66.0,-46.0,-62.0,-34.0,-52.0,-50.0,-66.0,-56.0,-64.0,4
-58.0,-66.0,-46.0,-60.0,-34.0,-52.0,-50.0,-66.0,-56.0,-64.0,4
-58.0,-66.0,-46.0,-60.0,-34.0,-50.0,-50.0,-66.0,-56.0,-64.0,4
-58.0,-66.0,-46.0,-62.0,-34.0,-52.0,-50.0,-66.0,-56.0,-62.0,4
-58.0,-66.0,-46.0,-62.0,-34.0,-52.0,-50.0,-66.0,-54.0,-64.0,4
-58.0,-66.0,-46.0,-62.0,-34.0,-52.0,-50.0,-66.0,-56.0,-66.0,4
-58.0,-66.0,-46.0,-62.0,-34.0,-52.0,-50.0,-66.0,-56.0,-64.0,4
-58.0,-66.0,-46.0,-62.0,-34.0,-52.0,-50.0,-64.0,-56.0,-64.0,4
-58.0,-66.0,-46.0,-62.0,-34.0,-52.0,-50.0,-64.0,-56.0,-64.0,4
-58.0,-66.0,-46.0,-60.0,-34.0,-52.0,-50.0,-66.0,-56.0,-62.0,4
-58.0,-66.0,-46.0,-60.0,-34.0,-52.0,-50.0,-64.0,-54.0,-64.0,4
-58.0,-66.0,-46.0,-60.0,-34.0,-50.0,-50.0,-66.0,-54.0,-66.0,4
-58.0,-66.0,-46.0,-60.0,-34.0,-52.0,-50.0,-66.0,-54.0,-62.0,4
-58.0,-66.0,-48.0,-60.0,-34.0,-50.0,-50.0,-66.0,-54.0,-66.0,4
-58.0,-66.0,-46.0,-60.0,-34.0,-52.0,-50.0,-66.0,-56.0,-64.0,4
-58.0,-66.0,-46.0,-62.0,-34.0,-52.0,-50.0,-66.0,-52.0,-64.0,4
-58.0,-66.0,-48.0,-60.0,-34.0,-52.0,-50.0,-64.0,-54.0,-64.0,4
-58.0,-66.0,-46.0,-60.0,-34.0,-52.0,-50.0,-66.0,-54.0,-66.0,4
-58.0,-66.0,-46.0,-60.0,-34.0,-52.0,-50.0,-64.0,-54.0,-66.0,4
-58.0,-66.0,-46.0,-62.0,-34.0,-52.0,-50.0,-66.0,-54.0,-64.0,4
-58.0,-66.0,-48.0,-62.0,-34.0,-52.0,-50.0,-66.0,-56.0,-66.0,4
-58.0,-66.0,-46.0,-62.0,-34.0,-52.0,-50.0,-66.0,-56.0,-66.0,4
-58.0,-66.0,-46.0,-62.0,-34.0,-52.0,-50.0,-66.0,-56.0,-64.0,4
-58.0,-66.0,-46.0,-62.0,-34.0,-52.0,-50.0,-66.0,-58.0,-66.0,4
-58.0,-66.0,-46.0,-62.0,-34.0,-52.0,-50.0,-66.0,-56.0,-64.0,4
-58.0,-66.0,-46.0,-60.0,-34.0,-52.0,-50.0,-66.0,-56.0,-62.0,4
-58.0,-64.0,-46.0,-60.0,-34.0,-52.0,-50.0,-66.0,-54.0,-64.0,4
-58.0,-66.0,-46.0,-60.0,-34.0,-52.0,-50.0,-66.0,-54.0,-64.0,4
-60.0,-66.0,-46.0,-60.0,-34.0,-52.0,-50.0,-66.0,-56.0,-64.0,4
-58.0,-66.0,-46.0,-60.0,-34.0,-52.0,-50.0,-64.0,-56.0,-66.0,4
-58.0,-66.0,-46.0,-62.0,-34.0,-52.0,-50.0,-64.0,-56.0,-64.0,4
-58.0,-66.0,-48.0,-62.0,-34.0,-52.0,-50.0,-66.0,-56.0,-64.0,4
-58.0,-66.0,-48.0,-60.0,-34.0,-50.0,-50.0,-64.0,-54.0,-64.0,4
-58.0,-66.0,-46.0,-62.0,-34.0,-52.0,-50.0,-66.0,-54.0,-64.0,4
-58.0,-66.0,-46.0,-62.0,-34.0,-52.0,-50.0,-66.0,-56.0,-64.0,4
-48.0,-66.0,-42.0,-62.0,-34.0,-50.0,-52.0,-66.0,-62.0,-64.0,5
-48.0,-68.0,-42.0,-62.0,-36.0,-52.0,-52.0,-66.0,-64.0,-64.0,5
-48.0,-66.0,-42.0,-62.0,-36.0,-50.0,-52.0,-66.0,-64.0,-64.0,5
-48.0,-66.0,-42.0,-62.0,-34.0,-52.0,-52.0,-66.0,-64.0,-66.0,5
-48.0,-68.0,-42.0,-62.0,-36.0,-52.0,-52.0,-66.0,-62.0,-64.0,5
-48.0,-66.0,-42.0,-62.0,-34.0,-52.0,-50.0,-66.0,-64.0,-64.0,5
-50.0,-66.0,-42.0,-62.0,-34.0,-52.0,-52.0,-66.0,-64.0,-64.0,5
-50.0,-66.0,-42.0,-62.0,-36.0,-52.0,-52.0,-66.0,-62.0,-64.0,5
-50.0,-66.0,-42.0,-62.0,-32.0,-52.0,-52.0,-66.0,-64.0,-64.0,5
-48.0,-66.0,-42.0,-62.0,-36.0,-52.0,-52.0,-66.0,-62.0,-64.0,5
-50.0,-64.0,-42.0,-62.0,-34.0,-52.0,-52.0,-66.0,-64.0,-64.0,5
-48.0,-66.0,-42.0,-62.0,-34.0,-52.0,-52.0,-66.0,-64.0,-64.0,5
-48.0,-68.0,-42.0,-62.0,-34.0,-52.0,-52.0,-66.0,-64.0,-64.0,5
-50.0,-66.0,-42.0,-62.0,-36.0,-52.0,-52.0,-66.0,-64.0,-64.0,5
-48.0,-66.0,-42.0,-62.0,-34.0,-52.0,-52.0,-66.0,-64.0,-64.0,5
-50.0,-66.0,-42.0,-62.0,-34.0,-52.0,-52.0,-66.0,-64.0,-64.0,5
-48.0,-68.0,-42.0,-62.0,-34.0,-52.0,-52.0,-66.0,-64.0,-64.0,5
-48.0,-66.0,-42.0,-62.0,-34.0,-52.0,-52.0,-66.0,-64.0,-64.0,5
-48.0,-66.0,-42.0,-62.0,-34.0,-52.0,-52.0,-66.0,-64.0,-64.0,5
-48.0,-66.0,-40.0,-62.0,-34.0,-52.0,-52.0,-66.0,-62.0,-64.0,5
-48.0,-66.0,-42.0,-62.0,-36.0,-52.0,-52.0,-66.0,-62.0,-64.0,5
-50.0,-68.0,-42.0,-62.0,-34.0,-52.0,-52.0,-66.0,-64.0,-66.0,5
-48.0,-66.0,-42.0,-62.0,-34.0,-52.0,-52.0,-66.0,-64.0,-64.0,5
-48.0,-68.0,-42.0,-62.0,-34.0,-52.0,-52.0,-66.0,-62.0,-64.0,5
-48.0,-66.0,-40.0,-62.0,-34.0,-52.0,-52.0,-66.0,-64.0,-64.0,5
-50.0,-66.0,-42.0,-62.0,-34.0,-52.0,-52.0,-66.0,-62.0,-64.0,5
-48.0,-68.0,-42.0,-62.0,-34.0,-52.0,-52.0,-66.0,-64.0,-64.0,5
-50.0,-66.0,-42.0,-62.0,-34.0,-52.0,-52.0,-66.0,-62.0,-64.0,5
-48.0,-66.0,-42.0,-62.0,-36.0,-52.0,-52.0,-66.0,-64.0,-64.0,5
-50.0,-68.0,-42.0,-62.0,-34.0,-50.0,-52.0,-66.0,-64.0,-64.0,5
-48.0,-66.0,-42.0,-62.0,-36.0,-52.0,-52.0,-66.0,-62.0,-64.0,5
-48.0,-68.0,-42.0,-62.0,-34.0,-52.0,-52.0,-66.0,-64.0,-64.0,5
-48.0,-66.0,-42.0,-62.0,-34.0,-52.0,-52.0,-66.0,-64.0,-64.0,5
-50.0,-66.0,-42.0,-62.0,-34.0,-50.0,-52.0,-66.0,-64.0,-64.0,5
-50.0,-66.0,-42.0,-62.0,-34.0,-52.0,-50.0,-66.0,-64.0,-64.0,5
-50.0,-66.0,-42.0,-62.0,-34.0,-50.0,-52.0,-66.0,-64.0,-64.0,5
-50.0,-68.0,-42.0,-62.0,-34.0,-52.0,-52.0,-66.0,-64.0,-64.0,5
-50.0,-66.0,-42.0,-62.0,-34.0,-52.0,-52.0,-66.0,-64.0,-64.0,5
-50.0,-66.0,-42.0,-62.0,-36.0,-50.0,-52.0,-66.0,-62.0,-64.0,5
-48.0,-66.0,-42.0,-62.0,-36.0,-50.0,-52.0,-66.0,-64.0,-64.0,5
-48.0,-66.0,-42.0,-62.0,-34.0,-50.0,-52.0,-66.0,-64.0,-66.0,5
-48.0,-66.0,-42.0,-62.0,-34.0,-52.0,-50.0,-66.0,-64.0,-64.0,5
-48.0,-66.0,-42.0,-62.0,-34.0,-52.0,-52.0,-66.0,-64.0,-64.0,5
-50.0,-66.0,-42.0,-62.0,-34.0,-50.0,-52.0,-66.0,-64.0,-64.0,5
-48.0,-66.0,-42.0,-62.0,-32.0,-52.0,-52.0,-66.0,-62.0,-64.0,5
-48.0,-66.0,-42.0,-62.0,-34.0,-50.0,-52.0,-66.0,-64.0,-64.0,5
-50.0,-68.0,-42.0,-62.0,-34.0,-52.0,-52.0,-66.0,-64.0,-62.0,5
-48.0,-68.0,-42.0,-62.0,-34.0,-52.0,-52.0,-66.0,-62.0,-64.0,5
-48.0,-66.0,-42.0,-62.0,-34.0,-50.0,-52.0,-66.0,-64.0,-64.0,5
