aibo1,aibo2,aibo3,aibo4,aibo5,Sector
-52,-46,-61,-71,-75,1
-50,-49,-63,-70,-77,1
-51,-49,-64,-71,-77,1
-50,-49,-62,-72,-77,1
-51,-49,-62,-75,-78,1
-55,-49,-60,-72,-72,1
-53,-63,-57,-77,-76,1
-57,-48,-61,-66,-78,1
-57,-54,-60,-70,-78,1
-51,-52,-54,-73,-72,1
-58,-53,-63,-67,-77,1
-50,-53,-59,-72,-72,1
-53,-49,-56,-70,-70,1
-45,-50,-51,-63,-71,1
-45,-50,-50,-64,-71,1
-46,-51,-49,-64,-70,1
-47,-51,-50,-65,-70,1
-48,-50,-49,-65,-71,1
-42,-54,-61,-79,-82,1
-47,-58,-57,-79,-80,1
-46,-58,-56,-74,-76,1
-41,-54,-57,-74,-71,1
-45,-56,-50,-69,-69,1
-47,-50,-48,-70,-74,1
-43,-52,-48,-71,-74,1
-44,-49,-48,-65,-77,1
-46,-49,-50,-68,-75,1
-47,-49,-53,-66,-71,1
-47,-49,-53,-67,-77,1
-48,-49,-53,-67,-73,1
-52,-58,-56,-76,-78,1
-48,-48,-56,-72,-77,1
-46,-48,-58,-70,-79,1
-46,-46,-58,-65,-74,1
-50,-47,-59,-68,-72,1
-53,-55,-60,-74,-73,1
-61,-53,-54,-74,-77,1
-55,-57,-53,-72,-79,1
-56,-53,-51,-63,-71,1
-51,-54,-50,-70,-75,1
-51,-49,-56,-69,-71,1
-49,-58,-54,-71,-70,1
-49,-47,-58,-66,-69,1
-47,-53,-56,-72,-71,1
-50,-54,-57,-72,-70,1
-57,-53,-55,-76,-74,1
-55,-57,-53,-69,-73,1
-56,-55,-64,-69,-74,1
-52,-55,-52,-74,-73,1
-61,-52,-67,-71,-71,1
-53,-51,-62,-73,-70,1
-51,-49,-61,-65,-69,2
-52,-52,-53,-67,-70,2
-51,-46,-54,-65,-64,2
-47,-46,-52,-63,-65,2
-48,-46,-58,-59,-69,2
-48,-44,-58,-68,-68,2
-50,-46,-59,-67,-70,2
-50,-52,-62,-74,-78,2
-51,-49,-53,-70,-68,2
-50,-49,-57,-76,-72,2
-47,-53,-56,-71,-80,2
-44,-52,-60,-69,-75,2
-49,-48,-57,-69,-74,2
-48,-47,-57,-69,-74,2
-47,-51,-58,-73,-74,2
-51,-45,-67,-68,-68,2
-55,-49,-60,-68,-72,2
-48,-52,-55,-63,-65,2
-44,-52,-52,-62,-66,2
-44,-52,-52,-66,-69,2
-53,-44,-55,-62,-68,2
-46,-44,-56,-65,-69,2
-51,-45,-60,-67,-69,2
-52,-53,-67,-64,-69,2
-57,-52,-60,-67,-73,2
-54,-49,-51,-65,-73,2
-50,-56,-50,-61,-69,2
-48,-50,-54,-63,-64,2
-54,-48,-53,-62,-63,2
-54,-47,-57,-63,-65,2
-48,-44,-55,-64,-68,2
-47,-44,-61,-65,-68,2
-47,-45,-68,-66,-68,2
-47,-52,-50,-70,-69,3
-44,-49,-53,-63,-68,3
-48,-46,-48,-60,-65,3
-85,-48,-50,-67,-66,3
-53,-49,-51,-67,-65,3
-50,-50,-50,-64,-68,3
-49,-47,-58,-67,-72,3
-41,-60,-64,-76,-79,3
-41,-54,-64,-74,-78,3
-44,-57,-59,-73,-85,3
-41,-59,-55,-67,-76,3
-44,-57,-53,-66,-76,3
-45,-61,-53,-68,-78,3
-46,-54,-52,-67,-83,3
-44,-54,-56,-66,-76,3
-50,-53,-60,-73,-74,3
-43,-51,-54,-69,-72,3
-48,-53,-52,-69,-71,3
-42,-56,-55,-63,-71,3
-46,-42,-54,-65,-68,3
-44,-52,-58,-63,-68,3
-48,-53,-58,-64,-68,3
-52,-49,-55,-61,-69,3
-47,-49,-57,-65,-70,3
-47,-51,-53,-62,-66,3
-42,-55,-60,-66,-71,3
-45,-48,-60,-68,-74,3
-46,-50,-58,-66,-78,3
-46,-48,-53,-71,-70,3
-44,-48,-54,-65,-71,3
-51,-48,-54,-65,-67,3
-53,-53,-57,-68,-73,3
-49,-50,-54,-71,-70,3
-45,-52,-55,-68,-73,3
-53,-53,-60,-62,-68,3
-52,-45,-50,-65,-70,4
-56,-49,-52,-69,-74,4
-57,-48,-55,-68,-77,4
-53,-51,-56,-68,-79,4
-52,-50,-66,-63,-75,4
-52,-56,-62,-72,-72,4
-89,-58,-54,-72,-79,4
-50,-47,-50,-66,-73,4
-51,-38,-59,-65,-75,4
-48,-35,-44,-64,-70,4
-47,-34,-45,-67,-74,4
-50,-37,-52,-70,-72,4
-51,-33,-52,-76,-78,4
-49,-35,-55,-71,-80,4
-46,-36,-62,-71,-74,4
-49,-50,-55,-71,-75,4
-61,-43,-55,-67,-68,4
-60,-44,-50,-68,-71,4
-55,-51,-55,-67,-75,4
-53,-52,-55,-68,-75,4
-48,-48,-64,-65,-77,4
-48,-54,-57,-72,-75,4
-44,-51,-55,-61,-69,4
-56,-44,-58,-65,-70,4
-57,-55,-53,-65,-81,4
-51,-43,-55,-71,-75,4
-52,-53,-54,-68,-74,4
-49,-53,-57,-70,-76,4
-51,-52,-64,-70,-73,4
-52,-53,-60,-69,-74,4
-51,-59,-59,-68,-76,4
-56,-51,-56,-64,-70,5
-61,-50,-57,-68,-71,5
-56,-47,-54,-66,-70,5
-60,-48,-56,-66,-68,5
-58,-49,-54,-60,-73,5
-61,-48,-55,-65,-67,5
-60,-51,-56,-65,-71,5
-56,-47,-59,-75,-70,5
-58,-37,-59,-76,-75,5
-50,-35,-55,-73,-72,5
-48,-34,-58,-64,-70,5
-52,-36,-56,-62,-71,5
-53,-37,-57,-62,-70,5
-52,-44,-48,-58,-72,5
-51,-46,-46,-58,-67,5
-53,-46,-46,-58,-66,5
-58,-54,-61,-66,-75,5
-64,-48,-64,-65,-74,5
-55,-53,-60,-65,-73,5
-54,-44,-64,-68,-66,5
-62,-50,-55,-62,-71,5
-57,-58,-60,-71,-68,5
-54,-50,-60,-62,-66,5
-57,-43,-51,-60,-66,5
-56,-45,-57,-64,-71,5
-59,-51,-60,-67,-76,5
-50,-47,-50,-66,-74,5
-54,-47,-52,-66,-67,5
-54,-49,-54,-62,-76,5
-52,-45,-51,-64,-66,5
-62,-45,-48,-63,-66,5
-50,-46,-57,-62,-69,5
-52,-47,-58,-64,-67,5
-58,-42,-49,-65,-64,5
-76,-76,-53,-53,-41,6
-73,-77,-53,-51,-50,6
-71,-74,-52,-49,-48,6
-76,-72,-46,-45,-47,6
-71,-76,-45,-48,-46,6
-77,-73,-54,-53,-51,6
-74,-68,-49,-46,-50,6
-67,-69,-45,-46,-53,6
-66,-74,-42,-49,-44,6
-73,-69,-49,-48,-47,6
-73,-69,-46,-44,-47,6
-73,-67,-46,-50,-47,6
-80,-72,-56,-58,-46,6
-78,-72,-52,-64,-48,6
-75,-72,-55,-56,-51,6
-72,-77,-51,-53,-47,6
-71,-72,-42,-46,-47,6
-72,-68,-42,-45,-44,6
-66,-66,-40,-44,-43,6
-71,-73,-45,-50,-42,6
-77,-72,-51,-54,-48,6
-75,-76,-53,-50,-47,6
-72,-71,-45,-47,-46,6
-73,-69,-42,-47,-41,6
-74,-75,-46,-47,-46,6
-76,-70,-43,-45,-47,6
-78,-71,-43,-48,-38,6
-70,-77,-45,-53,-45,7
-75,-76,-45,-44,-46,7
-80,-72,-45,-46,-49,7
-75,-82,-55,-54,-49,7
-74,-74,-53,-57,-45,7
-79,-71,-55,-56,-51,7
-66,-64,-38,-42,-46,7
-69,-68,-39,-44,-46,7
-69,-71,-39,-41,-50,7
-74,-63,-40,-45,-48,7
-74,-66,-35,-40,-44,7
-70,-66,-36,-42,-47,7
-67,-67,-35,-42,-43,7
-68,-69,-35,-48,-48,7
-68,-78,-47,-44,-44,7
-75,-75,-47,-50,-44,7
-73,-77,-52,-44,-46,7
-73,-75,-51,-49,-40,7
-72,-76,-51,-50,-46,7
-73,-76,-56,-53,-45,7
-70,-74,-53,-55,-43,7
-75,-73,-59,-56,-41,7
-74,-76,-46,-48,-44,7
-74,-73,-48,-51,-43,7
-70,-76,-48,-48,-46,7
-78,-73,-45,-51,-42,7
-73,-74,-49,-46,-42,7
-73,-75,-49,-45,-43,7
-83,-75,-47,-49,-54,7
-78,-73,-47,-53,-48,7
-80,-70,-62,-54,-44,8
-83,-74,-59,-56,-41,8
-79,-79,-62,-58,-47,8
-82,-76,-53,-54,-44,8
-78,-82,-67,-60,-45,8
-75,-75,-61,-48,-39,8
-74,-74,-58,-53,-44,8
-68,-66,-54,-48,-48,8
-72,-76,-45,-51,-46,8
-68,-69,-45,-49,-53,8
-76,-74,-45,-44,-44,8
-76,-74,-48,-45,-36,8
-76,-74,-52,-51,-38,8
-78,-73,-52,-47,-38,8
-73,-73,-52,-44,-37,8
-76,-72,-52,-48,-38,8
-82,-74,-66,-51,-46,8
-76,-76,-52,-57,-35,8
-78,-79,-53,-56,-43,8
-75,-79,-51,-52,-39,8
-78,-75,-50,-46,-38,8
-77,-70,-50,-51,-54,8
-76,-79,-61,-54,-42,8
-82,-80,-57,-53,-43,8
-73,-75,-59,-50,-44,8
-78,-62,-61,-57,-43,8
-73,-74,-52,-49,-37,8
-71,-72,-45,-42,-36,8
-75,-72,-55,-49,-38,8
-73,-70,-51,-48,-31,8
-73,-74,-60,-52,-38,8
-76,-77,-50,-56,-48,8
-76,-71,-54,-56,-43,9
-73,-75,-58,-50,-40,9
-73,-70,-55,-46,-40,9
-72,-76,-56,-50,-37,9
-75,-76,-51,-55,-37,9
-80,-69,-51,-59,-37,9
-78,-69,-48,-48,-41,9
-84,-78,-54,-60,-43,9
-76,-72,-52,-61,-38,9
-76,-79,-58,-52,-46,9
-69,-73,-48,-49,-46,9
-71,-70,-46,-52,-46,9
-73,-74,-54,-48,-49,9
-72,-76,-51,-50,-50,9
-72,-71,-54,-43,-37,9
-77,-74,-55,-46,-37,9
-71,-72,-54,-45,-34,9
-73,-69,-52,-48,-36,9
-82,-71,-49,-46,-34,9
-74,-70,-48,-52,-38,9
-71,-70,-49,-46,-37,9
-72,-67,-48,-51,-34,9
-75,-69,-58,-52,-35,9
-75,-76,-50,-49,-47,9
-76,-75,-56,-46,-42,9
-71,-71,-49,-42,-35,9
-72,-72,-49,-52,-37,9
-74,-68,-46,-42,-37,9
-72,-73,-49,-50,-33,9
-68,-71,-48,-55,-33,9
-77,-72,-49,-51,-33,9
-73,-69,-43,-41,-44,10
-68,-68,-48,-43,-54,10
-67,-69,-46,-42,-55,10
-67,-71,-39,-36,-56,10
-67,-64,-39,-43,-48,10
-68,-64,-40,-42,-49,10
-79,-71,-45,-42,-44,10
-76,-79,-41,-43,-44,10
-72,-73,-49,-42,-46,10
-73,-74,-53,-44,-48,10
-73,-75,-57,-54,-51,10
-81,-76,-49,-50,-42,10
-77,-76,-53,-45,-50,10
-75,-69,-44,-43,-47,10
-72,-69,-40,-38,-48,10
-68,-68,-40,-36,-47,10
-68,-65,-42,-40,-52,10
-67,-68,-41,-43,-55,10
-64,-67,-43,-46,-47,10
-71,-70,-45,-38,-49,10
-70,-69,-46,-39,-48,10
-70,-74,-39,-36,-53,10
-66,-66,-37,-39,-46,10
-61,-61,-35,-39,-40,10
-61,-63,-36,-35,-40,10
-63,-65,-37,-41,-51,10
-64,-65,-38,-38,-43,10
-64,-63,-39,-34,-48,10
-67,-65,-41,-36,-53,10
-75,-67,-52,-54,-51,11
-73,-69,-53,-51,-55,11
-70,-68,-48,-45,-54,11
-67,-64,-52,-43,-49,11
-73,-67,-46,-43,-51,11
-71,-68,-49,-41,-55,11
-69,-67,-48,-41,-47,11
-74,-76,-55,-57,-45,11
-78,-74,-54,-52,-46,11
-74,-72,-52,-46,-45,11
-77,-72,-54,-49,-45,11
-71,-70,-49,-40,-44,11
-71,-69,-48,-46,-46,11
-68,-72,-50,-42,-45,11
-80,-71,-58,-44,-46,11
-74,-69,-48,-47,-61,11
-68,-65,-45,-44,-53,11
-75,-67,-49,-43,-49,11
-70,-67,-46,-43,-52,11
-76,-68,-45,-44,-49,11
-75,-66,-45,-43,-50,11
-69,-68,-44,-41,-51,11
-74,-69,-50,-44,-56,11
-77,-69,-52,-44,-49,11
-66,-67,-47,-38,-57,11
-66,-66,-41,-39,-51,11
-72,-67,-50,-43,-52,11
-68,-67,-47,-41,-57,11
-71,-71,-45,-41,-57,11
-70,-69,-42,-43,-55,11
-71,-66,-51,-44,-52,12
-75,-64,-46,-43,-53,12
-75,-70,-45,-51,-47,12
-73,-73,-45,-41,-48,12
-74,-70,-53,-42,-47,12
-69,-78,-49,-45,-45,12
-70,-74,-55,-42,-49,12
-70,-75,-52,-40,-46,12
-70,-68,-56,-47,-63,12
-70,-73,-53,-50,-53,12
-73,-71,-58,-45,-53,12
-77,-74,-51,-45,-46,12
-80,-69,-45,-44,-49,12
-78,-72,-53,-48,-50,12
-69,-65,-43,-44,-51,12
-70,-64,-49,-45,-50,12
-71,-71,-54,-52,-58,12
-70,-69,-50,-47,-49,12
-66,-67,-50,-44,-44,12
-72,-69,-45,-51,-47,12
-73,-75,-47,-41,-46,12
-77,-71,-46,-46,-47,12
-74,-66,-44,-47,-53,12
-71,-70,-46,-46,-52,12
-69,-67,-48,-44,-46,12
-68,-71,-44,-46,-52,12
-73,-72,-45,-40,-48,12
-69,-68,-47,-40,-52,12
-70,-68,-45,-43,-44,12
-80,-73,-49,-42,-44,12
-80,-72,-44,-42,-48,12
-73,-72,-38,-39,-43,13
-70,-74,-49,-42,-50,13
-72,-68,-45,-38,-41,13
-69,-71,-56,-36,-48,13
-74,-65,-38,-45,-54,13
-72,-70,-46,-44,-43,13
-73,-71,-40,-43,-43,13
-76,-67,-43,-44,-44,13
-72,-64,-34,-38,-56,13
-67,-63,-33,-41,-52,13
-71,-63,-34,-45,-45,13
-77,-67,-42,-38,-49,13
-66,-66,-40,-41,-49,13
-70,-72,-41,-40,-49,13
-69,-68,-45,-41,-52,13
-64,-66,-42,-35,-54,13
-77,-63,-35,-37,-50,13
-67,-62,-44,-40,-47,13
-64,-63,-35,-33,-52,13
-68,-58,-43,-39,-46,13
-70,-70,-42,-40,-44,13
-74,-64,-42,-36,-47,13
-63,-61,-38,-43,-44,13
-71,-63,-39,-35,-47,13
-68,-76,-46,-33,-51,13
-73,-69,-43,-37,-49,13
-74,-61,-38,-39,-43,13
-72,-68,-38,-43,-51,13
-67,-64,-42,-37,-49,13
-71,-61,-31,-34,-45,13
-67,-59,-36,-36,-45,13
-66,-58,-35,-44,-52,13
-75,-69,-41,-55,-48,13
-67,-71,-39,-35,-48,13
-74,-67,-40,-44,-48,13
-69,-72,-41,-37,-51,13
-69,-70,-50,-37,-45,13
-71,-68,-50,-41,-49,13
-69,-68,-51,-35,-54,13
-75,-67,-43,-39,-47,13
-75,-65,-45,-45,-48,13
-68,-67,-39,-37,-47,13
-69,-63,-36,-37,-45,13
-72,-65,-34,-35,-48,13
-73,-63,-32,-40,-50,13
-74,-71,-47,-52,-63,14
-69,-69,-47,-45,-53,14
-68,-66,-52,-42,-58,14
-80,-67,-47,-42,-56,14
-69,-66,-46,-43,-57,14
-71,-80,-50,-52,-47,14
-81,-71,-51,-49,-53,14
-74,-71,-53,-41,-53,14
-75,-78,-50,-45,-49,14
-73,-70,-46,-48,-47,14
-71,-71,-49,-41,-45,14
-71,-71,-53,-53,-50,14
-72,-72,-50,-47,-55,14
-71,-68,-46,-48,-57,14
-69,-65,-46,-45,-61,14
-71,-73,-48,-49,-62,14
-75,-68,-48,-39,-53,14
-75,-69,-48,-41,-53,14
-71,-68,-47,-46,-55,14
-68,-67,-55,-46,-56,14
-68,-68,-51,-52,-58,14
-72,-66,-49,-40,-55,14
-71,-68,-47,-41,-47,14
-65,-62,-49,-45,-50,14
-75,-67,-48,-40,-50,14
-73,-75,-51,-48,-51,14
-72,-76,-47,-47,-53,14
-64,-58,-37,-62,-64,15
-64,-53,-38,-55,-65,15
-64,-58,-43,-54,-68,15
-65,-63,-37,-54,-64,15
-70,-60,-37,-52,-63,15
-68,-63,-39,-53,-61,15
-68,-66,-38,-52,-65,15
-67,-61,-42,-50,-66,15
-67,-59,-48,-59,-62,15
-61,-75,-52,-63,-62,15
-64,-58,-51,-56,-60,15
-72,-64,-49,-50,-55,15
-70,-65,-45,-57,-60,15
-66,-59,-46,-53,-60,15
-66,-60,-36,-59,-68,15
-67,-54,-46,-53,-71,15
-70,-61,-39,-51,-64,15
-62,-55,-37,-52,-60,15
-64,-69,-42,-52,-59,15
-71,-60,-42,-51,-56,15
-70,-66,-41,-51,-64,15
-61,-53,-36,-54,-67,15
-64,-55,-39,-56,-66,15
-62,-53,-43,-54,-66,15
-55,-55,-38,-56,-62,15
-57,-59,-35,-50,-58,15
-68,-61,-36,-49,-52,15
-61,-56,-34,-45,-64,15
-67,-57,-35,-43,-60,15
-57,-54,-39,-49,-57,16
-55,-55,-41,-53,-56,16
-70,-54,-36,-55,-58,16
-59,-56,-33,-53,-61,16
-65,-56,-36,-54,-66,16
-64,-57,-37,-53,-64,16
-68,-66,-45,-57,-63,16
-72,-56,-47,-57,-62,16
-61,-53,-48,-59,-63,16
-66,-49,-49,-57,-70,16
-58,-49,-39,-57,-70,16
-62,-53,-39,-57,-66,16
-65,-57,-37,-47,-64,16
-55,-61,-43,-55,-57,16
-62,-56,-37,-52,-57,16
-58,-53,-34,-49,-58,16
-64,-52,-34,-51,-62,16
-67,-57,-36,-51,-58,16
-57,-58,-33,-61,-62,16
-65,-57,-32,-57,-66,16
-65,-62,-37,-51,-66,16
-59,-57,-34,-50,-63,16
-65,-59,-37,-54,-62,16
-57,-55,-38,-52,-60,16
-63,-60,-35,-57,-63,16
-66,-56,-35,-53,-62,16
-63,-57,-36,-60,-62,16
-63,-57,-36,-58,-66,16
-52,-55,-40,-62,-69,17
-53,-55,-40,-60,-69,17
-57,-58,-40,-51,-63,17
-55,-54,-32,-52,-64,17
-59,-55,-37,-55,-62,17
-57,-58,-36,-44,-55,17
-63,-60,-38,-49,-53,17
-64,-56,-44,-53,-61,17
-64,-56,-35,-52,-61,17
-62,-63,-44,-57,-68,17
-68,-56,-42,-57,-66,17
-69,-57,-41,-59,-65,17
-57,-54,-41,-58,-67,17
-53,-53,-36,-57,-56,17
-52,-56,-36,-51,-64,17
-60,-52,-32,-51,-63,17
-58,-53,-37,-56,-62,17
-56,-61,-38,-46,-58,17
-62,-56,-37,-52,-57,17
-60,-54,-38,-56,-59,17
-63,-58,-37,-46,-61,17
-57,-71,-41,-61,-65,17
-56,-59,-40,-60,-67,17
-61,-52,-39,-62,-68,17
-55,-57,-36,-57,-58,17
-54,-60,-35,-50,-64,17
-56,-59,-35,-51,-66,17
-56,-68,-48,-48,-52,17
-54,-61,-36,-42,-57,17
-63,-62,-38,-48,-63,17
-59,-65,-43,-47,-64,17
-65,-60,-40,-50,-63,17
-62,-62,-40,-56,-67,17
-64,-62,-40,-53,-65,17
-54,-56,-38,-63,-65,17
-62,-50,-39,-64,-65,17
-57,-55,-47,-58,-64,17
-62,-56,-34,-51,-61,17
-61,-58,-33,-53,-62,17
-55,-58,-38,-46,-55,17
-59,-61,-39,-51,-59,17
-61,-63,-39,-51,-61,17
-62,-57,-38,-53,-63,17
-62,-57,-48,-52,-58,18
-63,-63,-39,-56,-62,18
-63,-58,-39,-51,-61,18
-54,-54,-32,-51,-60,18
-55,-57,-30,-49,-58,18
-62,-52,-35,-55,-62,18
-54,-53,-35,-55,-65,18
-63,-58,-38,-55,-62,18
-60,-58,-44,-61,-60,18
-58,-61,-39,-55,-58,18
-62,-55,-34,-56,-61,18
-57,-58,-32,-59,-62,18
-61,-60,-32,-57,-64,18
-65,-58,-33,-57,-67,18
-65,-59,-37,-52,-58,18
-61,-57,-34,-50,-62,18
-59,-59,-40,-44,-62,18
-57,-52,-35,-65,-62,18
-60,-56,-35,-49,-59,18
-60,-54,-35,-53,-62,18
-56,-56,-34,-55,-66,18
-56,-64,-39,-55,-59,18
-75,-70,-44,-54,-57,18
-60,-66,-40,-50,-62,18
-60,-65,-34,-49,-56,18
-61,-64,-39,-52,-66,18
-61,-56,-38,-49,-58,18
-55,-54,-39,-50,-58,18
-67,-56,-33,-66,-68,19
-62,-52,-33,-52,-80,19
-58,-57,-36,-52,-67,19
-62,-57,-45,-54,-66,19
-65,-57,-34,-59,-72,19
-63,-57,-42,-63,-66,19
-63,-54,-36,-62,-72,19
-62,-58,-37,-57,-69,19
-64,-56,-37,-58,-66,19
-59,-54,-37,-59,-66,19
-58,-59,-39,-57,-67,19
-55,-53,-38,-55,-63,19
-59,-55,-40,-57,-62,19
-61,-52,-34,-62,-65,19
-57,-51,-30,-56,-65,19
-63,-46,-30,-47,-65,19
-63,-60,-32,-52,-63,19
-61,-52,-29,-52,-61,19
-53,-55,-34,-55,-69,19
-57,-55,-38,-58,-69,19
-62,-53,-42,-61,-68,19
-61,-54,-37,-52,-65,19
-61,-53,-38,-58,-67,19
-60,-56,-34,-57,-65,19
-65,-58,-31,-50,-64,19
-55,-63,-33,-51,-70,19
-67,-58,-33,-60,-70,19
-60,-57,-36,-57,-71,19
-60,-57,-38,-62,-69,20
-56,-52,-36,-65,-66,20
-61,-52,-37,-62,-65,20
-60,-54,-34,-55,-64,20
-65,-53,-36,-52,-64,20
-64,-61,-32,-52,-62,20
-65,-56,-34,-51,-62,20
-65,-55,-36,-52,-64,20
-65,-55,-38,-54,-66,20
-62,-57,-40,-56,-62,20
-55,-51,-38,-64,-71,20
-64,-47,-34,-54,-65,20
-54,-52,-41,-52,-65,20
-53,-57,-35,-56,-63,20
-67,-52,-33,-56,-64,20
-53,-48,-31,-48,-63,20
-56,-51,-32,-54,-64,20
-68,-54,-33,-54,-59,20
-63,-53,-34,-59,-60,20
-61,-58,-34,-53,-60,20
-63,-57,-34,-56,-57,20
-59,-50,-40,-59,-66,20
-59,-55,-47,-62,-65,20
-57,-54,-37,-58,-66,20
-55,-50,-34,-51,-65,20
-56,-50,-31,-55,-61,20
-56,-56,-35,-56,-64,20
-59,-57,-40,-58,-59,20
-62,-62,-43,-59,-64,20
-62,-59,-36,-55,-62,20
-63,-57,-37,-58,-59,20
-71,-60,-37,-45,-60,20
-66,-53,-44,-58,-70,20
-58,-53,-44,-63,-68,20
-62,-57,-43,-62,-71,20
-62,-54,-36,-58,-64,20
-57,-56,-36,-54,-63,20
-62,-54,-34,-50,-60,20
-67,-53,-37,-56,-63,20
-61,-55,-36,-51,-61,20
-69,-55,-40,-58,-62,20
-62,-63,-35,-58,-60,20
-67,-56,-41,-58,-59,20
-63,-55,-43,-63,-64,20
-63,-63,-36,-65,-66,21
-74,-57,-37,-54,-71,21
-62,-55,-38,-57,-69,21
-56,-55,-38,-60,-80,21
-55,-57,-36,-60,-72,21
-56,-60,-39,-57,-63,21
-64,-62,-38,-63,-71,21
-58,-56,-30,-52,-65,21
-55,-51,-33,-53,-72,21
-63,-53,-37,-51,-64,21
-62,-58,-36,-50,-68,21
-67,-55,-34,-60,-66,21
-67,-58,-39,-55,-72,21
-65,-60,-35,-62,-68,21
-62,-58,-32,-55,-73,21
-61,-59,-32,-59,-70,21
-57,-58,-38,-60,-71,21
-54,-57,-35,-55,-62,21
-59,-60,-35,-54,-71,21
-59,-59,-38,-55,-70,21
-56,-59,-36,-56,-65,21
-62,-59,-33,-61,-66,21
-65,-57,-37,-62,-67,21
-62,-64,-45,-64,-68,21
-59,-57,-32,-50,-68,21
-57,-55,-41,-52,-64,21
-58,-62,-32,-52,-60,21
-57,-55,-31,-54,-62,21
-55,-57,-36,-59,-61,21
-67,-62,-60,-57,-63,22
-67,-60,-51,-60,-61,22
-60,-58,-54,-65,-70,22
-58,-63,-45,-63,-68,22
-67,-55,-42,-59,-69,22
-64,-56,-44,-62,-70,22
-66,-56,-42,-57,-69,22
-66,-57,-41,-54,-73,22
-69,-58,-42,-57,-67,22
-72,-69,-41,-56,-58,22
-72,-67,-44,-56,-64,22
-66,-68,-51,-62,-58,22
-65,-70,-43,-54,-54,22
-72,-64,-40,-56,-55,22
-60,-66,-41,-51,-55,22
-65,-64,-43,-52,-61,22
-66,-54,-49,-64,-62,22
-61,-63,-51,-60,-62,22
-60,-59,-47,-58,-59,22
-56,-63,-42,-59,-65,22
-63,-54,-45,-67,-64,22
-65,-55,-39,-56,-70,22
-63,-56,-43,-57,-72,22
-64,-59,-52,-64,-63,22
-63,-62,-60,-62,-67,22
-60,-56,-46,-59,-70,22
-58,-53,-41,-65,-68,22
-66,-58,-40,-62,-70,22
-64,-55,-40,-62,-73,22
-66,-57,-40,-57,-64,22
-60,-57,-44,-54,-66,22
-52,-37,-58,-74,-77,23
-52,-36,-58,-71,-79,23
-54,-43,-48,-66,-62,23
-54,-44,-48,-62,-68,23
-54,-40,-47,-63,-68,23
-52,-46,-49,-58,-67,23
-59,-45,-47,-59,-67,23
-58,-50,-65,-68,-69,23
-59,-51,-54,-66,-71,23
-62,-58,-60,-68,-70,23
-55,-49,-55,-68,-73,23
-62,-40,-53,-69,-68,23
-59,-47,-53,-66,-68,23
-56,-45,-59,-64,-65,23
-57,-40,-59,-62,-68,23
-49,-43,-56,-71,-79,23
-52,-38,-56,-73,-74,23
-51,-41,-56,-70,-74,23
-49,-47,-47,-68,-69,23
-56,-46,-48,-62,-69,23
-51,-42,-47,-62,-73,23
-52,-39,-46,-60,-66,23
-53,-44,-46,-63,-66,23
-58,-43,-58,-73,-78,23
-48,-36,-55,-75,-77,23
-51,-37,-57,-69,-69,23
-52,-38,-53,-63,-68,23
-52,-48,-48,-60,-73,23
-51,-49,-48,-62,-68,23
-49,-45,-49,-64,-70,23
-48,-36,-55,-63,-68,24
-51,-44,-51,-68,-71,24
-49,-39,-51,-66,-72,24
-59,-47,-63,-69,-74,24
-50,-48,-57,-62,-72,24
-52,-40,-59,-69,-77,24
-51,-43,-55,-76,-74,24
-54,-49,-43,-58,-70,24
-50,-48,-48,-63,-68,24
-62,-43,-50,-69,-76,24
-51,-43,-55,-67,-77,24
-43,-48,-58,-59,-78,24
-45,-50,-54,-72,-83,24
-43,-53,-55,-62,-75,24
-43,-47,-60,-64,-77,24
-67,-36,-58,-65,-73,24
-53,-37,-48,-62,-70,24
-57,-44,-46,-65,-75,24
-47,-43,-48,-64,-74,24
-48,-40,-49,-69,-73,24
-44,-45,-54,-72,-72,24
-42,-33,-58,-71,-74,24
-50,-37,-56,-73,-73,24
-48,-45,-62,-71,-72,24
-52,-37,-50,-67,-77,24
-51,-35,-51,-56,-71,24
-51,-43,-48,-62,-65,24
-53,-43,-47,-63,-76,24
-48,-38,-50,-60,-73,24
-54,-37,-55,-68,-73,24
-51,-40,-55,-76,-70,24
-45,-49,-59,-70,-76,25
-46,-43,-54,-71,-79,25
-44,-44,-54,-72,-73,25
-42,-44,-54,-66,-76,25
-41,-43,-41,-64,-70,25
-43,-39,-46,-62,-71,25
-44,-36,-47,-63,-70,25
-41,-38,-44,-60,-74,25
-39,-44,-50,-67,-79,25
-53,-38,-47,-65,-69,25
-48,-34,-43,-65,-71,25
-57,-45,-44,-64,-69,25
-63,-45,-46,-66,-71,25
-59,-36,-50,-62,-68,25
-55,-36,-50,-62,-70,25
-56,-43,-57,-62,-72,25
-52,-47,-57,-71,-72,25
-47,-48,-59,-75,-72,25
-44,-37,-58,-64,-72,25
-39,-48,-53,-72,-76,25
-39,-48,-50,-74,-73,25
-40,-35,-48,-64,-69,25
-41,-33,-48,-64,-73,25
-40,-35,-48,-64,-68,25
-35,-45,-52,-66,-77,25
-44,-43,-52,-70,-78,25
-43,-43,-52,-74,-78,25
-39,-44,-50,-73,-76,25
-39,-39,-50,-63,-73,25
-45,-33,-46,-70,-72,25
-45,-36,-49,-69,-80,25
-44,-36,-47,-62,-71,25
-42,-45,-46,-68,-73,25
-52,-49,-53,-73,-82,26
-57,-46,-56,-65,-81,26
-52,-54,-57,-74,-72,26
-52,-52,-53,-75,-80,26
-51,-46,-64,-70,-73,26
-54,-45,-57,-70,-82,26
-52,-41,-60,-80,-76,26
-50,-44,-55,-76,-76,26
-57,-48,-51,-69,-73,26
-58,-45,-55,-61,-74,26
-59,-47,-50,-63,-77,26
-58,-50,-51,-65,-66,26
-55,-47,-50,-71,-68,26
-51,-45,-48,-70,-67,26
-51,-38,-50,-64,-70,26
-47,-36,-53,-68,-71,26
-50,-49,-55,-69,-82,26
-54,-55,-63,-72,-77,26
-52,-54,-61,-72,-78,26
-50,-47,-54,-74,-81,26
-49,-38,-61,-71,-73,26
-48,-43,-56,-70,-82,26
-48,-42,-58,-72,-79,26
-52,-49,-49,-67,-79,26
-54,-57,-50,-69,-76,26
-51,-52,-52,-79,-74,26
-51,-46,-58,-78,-79,26
-48,-45,-59,-78,-81,26
-47,-45,-54,-62,-77,26
-42,-38,-59,-67,-79,26
-48,-44,-94,-68,-72,26
-45,-65,-65,-73,-87,27
-46,-59,-64,-85,-83,27
-48,-55,-65,-77,-83,27
-38,-65,-66,-79,-74,27
-47,-54,-58,-77,-78,27
-49,-52,-57,-76,-80,27
-51,-61,-67,-75,-78,27
-56,-52,-60,-77,-76,27
-48,-51,-51,-67,-71,27
-46,-45,-52,-61,-72,27
-54,-46,-51,-62,-73,27
-50,-49,-52,-64,-67,27
-52,-50,-55,-71,-74,27
-53,-55,-58,-75,-77,27
-51,-53,-55,-73,-76,27
-43,-59,-62,-80,-84,27
-44,-60,-71,-75,-82,27
-43,-56,-67,-73,-76,27
-44,-57,-57,-78,-76,27
-53,-60,-61,-77,-75,27
-50,-58,-62,-70,-79,27
-51,-57,-60,-73,-77,27
-53,-55,-62,-75,-80,27
-47,-55,-56,-78,-78,27
-44,-58,-56,-78,-78,27
-37,-58,-64,-75,-80,27
-40,-54,-63,-73,-79,27
-49,-58,-65,-75,-74,27
-45,-53,-55,-70,-75,27
-46,-60,-57,-70,-74,27
-52,-53,-62,-68,-75,27
-52,-53,-58,-69,-72,27
