deadCars,flux,queue,time,class,density,totalCars
0,1.14,0,1,5,0.23,2
0,1.14,0,2,5,0.23,2
0,1.02,0,3,4.5,0.23,2
0,1.7,0,4,5,0.34,3
0,2.61,0,5,4.6,0.57,5
0,3.75,0,6,4.71,0.8,7
0,4.09,0,7,4.5,0.91,8
0,5.23,0,8,4.6,1.14,10
0,6.48,0,9,4.75,1.36,12
0,6.82,0,10,4.62,1.48,13
0,6.7,0,11,4.54,1.48,13
0,6.82,0,12,4.62,1.48,13
0,6.82,0,13,4.62,1.48,13
0,6.7,0,14,4.54,1.48,13
0,6.59,0,15,4.46,1.48,13
0,7.5,0,16,4.4,1.7,15
0,7.84,0,17,4.31,1.82,16
0,8.41,0,18,4.11,2.05,18
0,8.52,0,19,3.95,2.16,19
0,8.41,0,20,3.89,2.16,19
0,8.64,0,21,3.8,2.27,20
0,8.86,0,22,3.71,2.39,21
0,9.2,0,23,3.68,2.5,22
0,9.66,0,24,3.86,2.5,22
0,10.23,0,25,4.09,2.5,22
0,10.11,0,26,4.05,2.5,22
0,11.25,0,27,4.3,2.61,23
0,12.27,0,28,4.32,2.84,25
0,13.52,0,29,4.41,3.07,27
0,13.41,0,30,4.07,3.3,29
0,12.73,0,31,3.61,3.52,31
0,13.64,0,32,3.75,3.64,32
0,14.55,0,33,3.76,3.86,34
0,15.23,0,34,3.72,4.09,36
0,15.68,0,35,3.73,4.2,37
0,13.98,0,36,3.32,4.2,37
0,14.89,0,37,3.45,4.32,38
0,14.43,0,38,3.17,4.55,40
0,13.3,0,39,2.79,4.77,42
0,13.3,0,40,2.72,4.89,43
0,14.89,0,41,2.91,5.11,45
0,16.02,0,42,3.07,5.23,46
0,17.27,0,43,3.17,5.45,48
0,19.66,0,44,3.46,5.68,50
0,21.93,0,45,3.78,5.8,51
0,23.18,0,46,3.92,5.91,52
0,24.2,0,47,3.94,6.14,54
0,24.77,0,48,4.04,6.14,54
0,26.36,0,49,4.22,6.25,55
0,25.68,0,50,4.11,6.25,55
0,24.2,0,51,3.87,6.25,55
0,24.32,0,52,3.75,6.48,57
0,23.75,0,53,3.67,6.48,57
0,23.64,0,54,3.53,6.7,59
0,22.84,0,55,3.3,6.93,61
0,21.02,0,56,2.98,7.05,62
0,20.34,0,57,2.84,7.16,63
0,19.77,0,58,2.72,7.27,64
2,17.61,0,59,2.42,7.27,64
4,16.02,0,60,2.2,7.27,64
6,14.66,0,61,2.08,7.05,62
7,15.11,0,62,2.11,7.16,63
9,15.45,0,63,2.19,7.05,62
10,16.93,0,64,2.4,7.05,62
10,18.3,0,65,2.56,7.16,63
10,18.64,0,66,2.6,7.16,63
10,20.34,0,67,2.84,7.16,63
10,22.61,0,68,3.16,7.16,63
10,24.77,0,69,3.35,7.39,65
10,24.09,0,70,3.26,7.39,65
10,24.32,0,71,3.29,7.39,65
10,23.18,0,72,3.14,7.39,65
10,22.05,0,73,2.9,7.61,67
10,21.59,0,74,2.84,7.61,67
10,19.43,0,75,2.55,7.61,67
10,17.73,0,76,2.33,7.61,67
10,18.75,0,77,2.43,7.73,68
10,17.73,0,78,2.26,7.84,69
11,15.91,0,79,2.03,7.84,69
11,16.7,0,80,2.1,7.95,70
13,15.57,0,81,1.99,7.84,69
16,13.98,0,82,1.86,7.5,66
18,15,0,83,2,7.5,66
19,16.59,0,84,2.21,7.5,66
21,18.3,0,85,2.48,7.39,65
23,19.55,0,86,2.65,7.39,65
25,20.68,0,87,2.84,7.27,64
25,21.93,0,88,3.02,7.27,64
25,24.09,0,89,3.26,7.39,65
25,23.41,0,90,3.12,7.5,66
25,24.55,0,91,3.27,7.5,66
25,23.75,0,92,3.17,7.5,66
25,22.39,0,93,2.98,7.5,66
25,22.5,0,94,3,7.5,66
25,22.73,0,95,2.99,7.61,67
25,21.25,0,96,2.75,7.73,68
25,21.02,0,97,2.64,7.95,70
25,20.23,0,98,2.47,8.18,72
27,17.61,0,99,2.18,8.07,71
29,16.14,0,100,2.03,7.95,70
31,16.82,0,101,2.11,7.95,70
33,15.45,0,102,2,7.73,68
35,15.23,0,103,2.03,7.5,66
35,16.7,0,104,2.19,7.61,67
37,17.27,0,105,2.3,7.5,66
38,20,0,106,2.71,7.39,65
39,21.93,0,107,2.97,7.39,65
39,24.77,0,108,3.25,7.61,67
39,25.45,0,109,3.25,7.84,69
39,26.02,0,110,3.23,8.07,71
39,26.25,0,111,3.21,8.18,72
39,26.7,0,112,3.26,8.18,72
39,26.36,0,113,3.22,8.18,72
39,24.77,0,114,3.03,8.18,72
39,24.66,0,115,3.01,8.18,72
39,23.07,0,116,2.82,8.18,72
39,22.39,0,117,2.66,8.41,74
39,20.91,0,118,2.42,8.64,76
40,20,0,119,2.35,8.52,75
42,17.5,0,120,2.11,8.3,73
44,16.59,0,121,2.03,8.18,72
46,16.59,0,122,2.06,8.07,71
47,16.25,0,123,2.04,7.95,70
50,17.27,0,124,2.2,7.84,69
50,20,0,125,2.51,7.95,70
53,20.91,0,126,2.75,7.61,67
54,23.3,0,127,3.01,7.73,68
54,25.68,0,128,3.23,7.95,70
54,27.84,0,129,3.4,8.18,72
54,28.07,0,130,3.38,8.3,73
54,27.84,0,131,3.31,8.41,74
54,28.3,0,132,3.28,8.64,76
54,28.52,0,133,3.26,8.75,77
54,26.36,0,134,3.01,8.75,77
54,25.68,0,135,2.9,8.86,78
54,25.91,0,136,2.89,8.98,79
54,25.11,0,137,2.8,8.98,79
55,22.95,0,138,2.59,8.86,78
57,21.36,0,139,2.41,8.86,78
59,20.91,0,140,2.39,8.75,77
60,18.75,0,141,2.17,8.64,76
62,18.41,0,142,2.19,8.41,74
64,17.95,0,143,2.19,8.18,72
66,20.23,0,144,2.47,8.18,72
70,20.34,0,145,2.56,7.95,70
71,21.7,0,146,2.77,7.84,69
74,23.07,0,147,2.99,7.73,68
74,25.45,0,148,3.29,7.73,68
74,26.82,0,149,3.42,7.84,69
74,26.36,0,150,3.31,7.95,70
75,26.48,0,151,3.28,8.07,71
75,24.43,0,152,3.03,8.07,71
75,24.55,0,153,3.04,8.07,71
75,23.86,0,154,2.88,8.3,73
75,23.07,0,155,2.78,8.3,73
75,20.8,0,156,2.51,8.3,73
75,21.25,0,157,2.49,8.52,75
75,20.34,0,158,2.36,8.64,76
75,20.45,0,159,2.31,8.86,78
77,18.98,0,160,2.17,8.75,77
78,18.3,0,161,2.09,8.75,77
81,17.39,0,162,2.07,8.41,74
83,16.59,0,163,2,8.3,73
85,16.48,0,164,2.01,8.18,72
87,16.82,0,165,2.11,7.95,70
89,17.16,0,166,2.19,7.84,69
92,18.41,0,167,2.38,7.73,68
92,19.2,0,168,2.49,7.73,68
92,21.59,0,169,2.75,7.84,69
92,20.68,0,170,2.64,7.84,69
92,20.8,0,171,2.65,7.84,69
92,20.34,0,172,2.56,7.95,70
92,20.91,0,173,2.59,8.07,71
92,21.48,0,174,2.59,8.3,73
92,22.05,0,175,2.59,8.52,75
92,22.16,0,176,2.53,8.75,77
92,21.48,0,177,2.42,8.86,78
93,20,0,178,2.29,8.75,77
93,18.86,0,179,2.1,8.98,79
95,17.27,0,180,1.95,8.86,78
98,15.34,0,181,1.8,8.52,75
100,15.8,0,182,1.9,8.3,73
101,16.7,0,183,2.04,8.18,72
102,17.84,0,184,2.18,8.18,72
104,18.52,0,185,2.33,7.95,70
106,19.2,0,186,2.41,7.95,70
107,21.14,0,187,2.66,7.95,70
107,22.61,0,188,2.8,8.07,71
108,23.52,0,189,2.92,8.07,71
108,23.98,0,190,2.97,8.07,71
108,23.98,0,191,2.97,8.07,71
108,24.32,0,192,2.93,8.3,73
108,23.18,0,193,2.72,8.52,75
108,22.73,0,194,2.63,8.64,76
108,22.27,0,195,2.51,8.86,78
108,21.59,0,196,2.44,8.86,78
108,19.89,0,197,2.19,9.09,80
108,19.43,0,198,2.11,9.2,81
110,16.59,0,199,1.82,9.09,80
113,15.11,0,200,1.68,8.98,79
113,15.34,0,201,1.69,9.09,80
115,16.59,0,202,1.82,9.09,80
116,17.27,0,203,1.92,8.98,79
116,19.66,0,204,2.14,9.2,81
117,21.02,0,205,2.31,9.09,80
118,21.36,0,206,2.38,8.98,79
120,22.05,0,207,2.52,8.75,77
121,23.86,0,208,2.69,8.86,78
121,25.23,0,209,2.85,8.86,78
121,26.48,0,210,2.95,8.98,79
121,26.7,0,211,2.94,9.09,80
121,25.68,0,212,2.83,9.09,80
121,25.91,0,213,2.85,9.09,80
121,25.45,0,214,2.77,9.2,81
121,23.41,0,215,2.54,9.2,81
121,23.18,0,216,2.46,9.43,83
121,21.36,0,217,2.24,9.55,84
121,20.11,0,218,2.06,9.77,86
122,19.2,0,219,1.94,9.89,87
122,19.43,0,220,1.92,10.11,89
125,18.52,0,221,1.9,9.77,86
128,17.95,0,222,1.86,9.66,85
129,18.64,0,223,1.95,9.55,84
131,20.11,0,224,2.11,9.55,84
133,22.39,0,225,2.35,9.55,84
133,23.3,0,226,2.44,9.55,84
137,24.43,0,227,2.62,9.32,82
137,27.27,0,228,2.86,9.55,84
139,27.95,0,229,2.96,9.43,83
139,27.39,0,230,2.9,9.43,83
139,29.43,0,231,3.05,9.66,85
139,28.86,0,232,2.92,9.89,87
139,28.52,0,233,2.89,9.89,87
139,25.68,0,234,2.6,9.89,87
139,24.32,0,235,2.43,10,88
139,24.43,0,236,2.39,10.23,90
139,25.34,0,237,2.42,10.45,92
140,24.32,0,238,2.3,10.57,93
141,22.95,0,239,2.15,10.68,94
143,20.68,0,240,1.98,10.45,92
144,20.45,0,241,1.98,10.34,91
145,20.11,0,242,1.97,10.23,90
147,21.36,0,243,2.11,10.11,89
149,22.84,0,244,2.28,10,88
151,22.27,0,245,2.25,9.89,87
154,23.41,0,246,2.4,9.77,86
156,25.45,0,247,2.6,9.77,86
157,26.36,0,248,2.67,9.89,87
160,24.55,0,249,2.57,9.55,84
160,25.68,0,250,2.63,9.77,86
160,25.68,0,251,2.63,9.77,86
160,25.68,0,252,2.6,9.89,87
160,24.43,0,253,2.47,9.89,87
160,24.43,0,254,2.47,9.89,87
160,22.39,0,255,2.24,10,88
160,21.59,0,256,2.11,10.23,90
160,21.59,0,257,2.09,10.34,91
160,20.91,0,258,2,10.45,92
162,18.64,0,259,1.8,10.34,91
164,16.36,0,260,1.62,10.11,89
165,15.34,0,261,1.53,10,88
168,14.55,0,262,1.51,9.66,85
168,15.34,0,263,1.57,9.77,86
168,17.27,0,264,1.75,9.89,87
172,17.16,0,265,1.82,9.43,83
173,18.07,0,266,1.92,9.43,83
175,18.98,0,267,2.04,9.32,82
175,21.93,0,268,2.3,9.55,84
175,24.09,0,269,2.47,9.77,86
175,24.77,0,270,2.48,10,88
175,25.91,0,271,2.56,10.11,89
175,27.61,0,272,2.67,10.34,91
175,27.27,0,273,2.64,10.34,91
175,26.93,0,274,2.6,10.34,91
175,25.11,0,275,2.43,10.34,91
175,23.64,0,276,2.29,10.34,91
175,23.18,0,277,2.22,10.45,92
175,22.27,0,278,2.13,10.45,92
178,19.89,0,279,1.97,10.11,89
180,18.18,0,280,1.82,10,88
180,16.82,0,281,1.66,10.11,89
183,14.55,0,282,1.49,9.77,86
183,15.68,0,283,1.57,10,88
187,15.91,0,284,1.65,9.66,85
190,16.59,0,285,1.74,9.55,84
191,19.09,0,286,1.98,9.66,85
191,20.34,0,287,2.11,9.66,85
192,19.55,0,288,2.02,9.66,85
192,22.16,0,289,2.24,9.89,87
192,23.18,0,290,2.29,10.11,89
192,24.32,0,291,2.38,10.23,90
192,24.89,0,292,2.38,10.45,92
192,24.32,0,293,2.3,10.57,93
192,24.43,0,294,2.31,10.57,93
192,22.84,0,295,2.16,10.57,93
192,21.93,0,296,2.05,10.68,94
192,21.14,0,297,1.94,10.91,96
192,19.43,0,298,1.78,10.91,96
192,19.09,0,299,1.75,10.91,96
194,18.3,0,300,1.71,10.68,94
195,17.73,0,301,1.66,10.68,94
196,17.05,0,302,1.61,10.57,93
198,17.27,0,303,1.65,10.45,92
199,18.98,0,304,1.8,10.57,93
200,20.68,0,305,1.94,10.68,94
202,21.59,0,306,2.04,10.57,93
205,21.93,0,307,2.14,10.23,90
207,23.18,0,308,2.32,10,88
208,25.57,0,309,2.53,10.11,89
209,22.84,0,310,2.28,10,88
209,24.66,0,311,2.41,10.23,90
209,26.36,0,312,2.52,10.45,92
209,25.91,0,313,2.45,10.57,93
209,25.91,0,314,2.4,10.8,95
209,25.23,0,315,2.31,10.91,96
209,24.32,0,316,2.18,11.14,98
209,25.11,0,317,2.23,11.25,99
210,24.09,0,318,2.14,11.25,99
210,23.41,0,319,2.04,11.48,101
212,21.14,0,320,1.88,11.25,99
213,21.02,0,321,1.85,11.36,100
216,19.77,0,322,1.76,11.25,99
217,20.68,0,323,1.86,11.14,98
220,19.55,0,324,1.79,10.91,96
221,20.57,0,325,1.89,10.91,96
224,21.25,0,326,1.99,10.68,94
224,23.75,0,327,2.2,10.8,95
226,25.45,0,328,2.36,10.8,95
226,26.59,0,329,2.44,10.91,96
226,27.05,0,330,2.48,10.91,96
226,26.7,0,331,2.42,11.02,97
226,26.14,0,332,2.37,11.02,97
226,25.68,0,333,2.33,11.02,97
226,24.09,0,334,2.14,11.25,99
226,22.39,0,335,1.97,11.36,100
226,20.68,0,336,1.78,11.59,102
226,18.86,0,337,1.63,11.59,102
226,19.09,0,338,1.62,11.82,104
226,18.18,0,339,1.52,11.93,105
228,17.73,0,340,1.49,11.93,105
228,16.82,0,341,1.41,11.93,105
230,17.39,0,342,1.46,11.93,105
231,19.32,0,343,1.6,12.05,106
232,21.59,0,344,1.78,12.16,107
236,21.93,0,345,1.84,11.93,105
238,23.52,0,346,1.99,11.82,104
240,24.2,0,347,2.09,11.59,102
241,26.02,0,348,2.22,11.7,103
242,27.39,0,349,2.36,11.59,102
242,27.05,0,350,2.31,11.7,103
242,26.36,0,351,2.23,11.82,104
242,25.68,0,352,2.13,12.05,106
242,26.82,0,353,2.19,12.27,108
242,27.84,0,354,2.23,12.5,110
242,26.59,0,355,2.09,12.73,112
242,23.98,0,356,1.88,12.73,112
242,22.16,0,357,1.74,12.73,112
242,21.59,0,358,1.7,12.73,112
242,19.66,0,359,1.53,12.84,113
244,19.2,0,360,1.5,12.84,113
246,18.98,0,361,1.49,12.73,112
247,18.98,0,362,1.48,12.84,113
250,17.5,0,363,1.4,12.5,110
252,17.05,0,364,1.39,12.27,108
254,18.41,0,365,1.53,12.05,106
255,19.32,0,366,1.6,12.05,106
257,20.57,0,367,1.72,11.93,105
257,23.52,0,368,1.95,12.05,106
257,24.77,0,369,2.02,12.27,108
257,25.8,0,370,2.08,12.39,109
257,26.93,0,371,2.15,12.5,110
257,26.36,0,372,2.11,12.5,110
257,24.77,0,373,1.98,12.5,110
257,23.41,0,374,1.87,12.5,110
257,23.07,0,375,1.81,12.73,112
257,22.27,0,376,1.73,12.84,113
257,21.14,0,377,1.63,12.95,114
257,22.27,0,378,1.69,13.18,116
258,20.11,0,379,1.51,13.3,117
261,19.09,0,380,1.47,12.95,114
262,17.84,0,381,1.39,12.84,113
262,17.84,0,382,1.38,12.95,114
264,17.39,0,383,1.37,12.73,112
264,19.89,0,384,1.54,12.95,114
266,19.09,0,385,1.5,12.73,112
269,19.89,0,386,1.59,12.5,110
271,22.39,0,387,1.79,12.5,110
273,22.61,0,388,1.81,12.5,110
274,23.86,0,389,1.93,12.39,109
274,24.09,0,390,1.93,12.5,110
274,24.32,0,391,1.91,12.73,112
274,25.11,0,392,1.96,12.84,113
274,24.55,0,393,1.91,12.84,113
274,23.75,0,394,1.85,12.84,113
274,23.3,0,395,1.8,12.95,114
274,21.93,0,396,1.68,13.07,115
274,21.82,0,397,1.67,13.07,115
274,19.89,0,398,1.51,13.18,116
276,19.66,0,399,1.5,13.07,115
276,17.95,0,400,1.37,13.07,115
277,16.14,0,401,1.25,12.95,114
280,15.91,0,402,1.24,12.84,113
281,15.68,0,403,1.22,12.84,113
283,16.36,0,404,1.29,12.73,112
286,17.39,0,405,1.39,12.5,110
286,20,0,406,1.57,12.73,112
288,21.59,0,407,1.71,12.61,111
289,21.7,0,408,1.74,12.5,110
290,23.3,0,409,1.85,12.61,111
290,24.89,0,410,1.96,12.73,112
290,24.2,0,411,1.9,12.73,112
290,24.43,0,412,1.9,12.84,113
290,23.3,0,413,1.81,12.84,113
290,22.5,0,414,1.72,13.07,115
290,21.48,0,415,1.63,13.18,116
290,20.8,0,416,1.55,13.41,118
290,19.32,0,417,1.44,13.41,118
290,18.41,0,418,1.37,13.41,118
290,17.95,0,419,1.34,13.41,118
291,17.5,0,420,1.29,13.52,119
292,17.16,0,421,1.26,13.64,120
294,17.27,0,422,1.28,13.52,119
294,17.61,0,423,1.29,13.64,120
296,18.18,0,424,1.36,13.41,118
298,19.2,0,425,1.43,13.41,118
299,22.05,0,426,1.63,13.52,119
301,24.09,0,427,1.78,13.52,119
301,26.7,0,428,1.94,13.75,121
302,27.5,0,429,2,13.75,121
302,27.27,0,430,1.95,13.98,123
302,28.3,0,431,2.02,13.98,123
302,30.8,0,432,2.17,14.2,125
302,30.11,0,433,2.1,14.32,126
302,27.27,0,434,1.9,14.32,126
302,26.59,0,435,1.83,14.55,128
302,24.32,0,436,1.65,14.77,130
302,23.3,0,437,1.56,14.89,131
303,22.05,0,438,1.47,15,132
304,20.68,0,439,1.37,15.11,133
306,18.52,0,440,1.23,15,132
307,18.86,0,441,1.26,15,132
309,19.2,0,442,1.28,15,132
310,20.11,0,443,1.34,15,132
311,21.36,0,444,1.42,15,132
313,22.16,0,445,1.48,15,132
315,22.05,0,446,1.49,14.77,130
316,22.84,0,447,1.56,14.66,129
317,24.66,0,448,1.68,14.66,129
318,24.66,0,449,1.68,14.66,129
318,24.2,0,450,1.65,14.66,129
318,22.61,0,451,1.54,14.66,129
318,23.18,0,452,1.56,14.89,131
318,23.41,0,453,1.55,15.11,133
318,21.48,0,454,1.41,15.23,134
318,19.77,0,455,1.3,15.23,134
318,19.77,0,456,1.28,15.45,136
318,18.86,0,457,1.22,15.45,136
318,17.84,0,458,1.15,15.57,137
319,16.82,0,459,1.08,15.57,137
320,16.25,0,460,1.05,15.45,136
321,16.82,0,461,1.08,15.57,137
323,17.61,0,462,1.14,15.45,136
326,16.82,0,463,1.1,15.23,134
328,17.61,0,464,1.16,15.23,134
330,19.09,0,465,1.27,15,132
330,20,0,466,1.33,15,132
332,21.25,0,467,1.43,14.89,131
332,22.39,0,468,1.5,14.89,131
332,23.98,0,469,1.61,14.89,131
332,24.89,0,470,1.65,15.11,133
332,25.45,0,471,1.68,15.11,133
332,25.57,0,472,1.69,15.11,133
332,25.34,0,473,1.66,15.23,134
332,24.2,0,474,1.58,15.34,135
332,23.86,0,475,1.53,15.57,137
332,22.73,0,476,1.45,15.68,138
332,22.16,0,477,1.4,15.8,139
332,21.36,0,478,1.35,15.8,139
333,20.34,0,479,1.3,15.68,138
335,19.66,0,480,1.25,15.68,138
336,20.8,0,481,1.32,15.8,139
338,21.25,0,482,1.35,15.8,139
342,19.77,0,483,1.27,15.57,137
342,23.18,0,484,1.47,15.8,139
346,22.95,0,485,1.49,15.45,136
348,24.09,0,486,1.57,15.34,135
349,26.14,0,487,1.72,15.23,134
352,26.14,0,488,1.74,15,132
352,26.93,0,489,1.77,15.23,134
352,26.7,0,490,1.74,15.34,135
352,27.95,0,491,1.8,15.57,137
352,27.84,0,492,1.79,15.57,137
352,26.02,0,493,1.67,15.57,137
352,26.02,0,494,1.65,15.8,139
352,24.55,0,495,1.53,16.02,141
352,23.64,0,496,1.46,16.14,142
352,22.84,0,497,1.4,16.36,144
352,21.02,0,498,1.28,16.36,144
353,21.82,0,499,1.33,16.36,144
356,18.41,0,500,1.15,16.02,141
357,17.84,0,501,1.12,15.91,140
359,16.02,0,502,1.01,15.8,139
360,17.73,0,503,1.11,15.91,140
362,19.09,0,504,1.2,15.91,140
365,21.48,0,505,1.36,15.8,139
367,21.25,0,506,1.36,15.68,138
368,22.27,0,507,1.43,15.57,137
369,23.18,0,508,1.5,15.45,136
369,26.25,0,509,1.67,15.68,138
369,25.45,0,510,1.62,15.68,138
369,27.39,0,511,1.72,15.91,140
369,28.07,0,512,1.75,16.02,141
369,27.61,0,513,1.7,16.25,143
369,27.16,0,514,1.65,16.48,145
369,25,0,515,1.52,16.48,145
369,24.43,0,516,1.46,16.7,147
369,22.16,0,517,1.32,16.82,148
371,21.02,0,518,1.25,16.82,148
373,20.34,0,519,1.22,16.7,147
373,19.55,0,520,1.16,16.82,148
374,20,0,521,1.18,16.93,149
376,20,0,522,1.18,16.93,149
378,20.68,0,523,1.24,16.7,147
380,20.57,0,524,1.25,16.48,145
381,21.82,0,525,1.32,16.48,145
382,23.41,0,526,1.42,16.48,145
385,24.09,0,527,1.47,16.36,144
386,25.34,0,528,1.56,16.25,143
387,26.48,0,529,1.63,16.25,143
387,26.93,0,530,1.65,16.36,144
387,26.36,0,531,1.61,16.36,144
387,26.25,0,532,1.59,16.48,145
387,26.59,0,533,1.59,16.7,147
387,26.02,0,534,1.55,16.82,148
387,25.91,0,535,1.52,17.05,150
387,24.77,0,536,1.45,17.05,150
387,22.95,0,537,1.34,17.16,151
388,21.7,0,538,1.26,17.16,151
388,19.77,0,539,1.15,17.16,151
388,18.86,0,540,1.09,17.27,152
391,17.5,0,541,1.03,16.93,149
394,18.07,0,542,1.07,16.82,148
396,18.86,0,543,1.12,16.82,148
398,18.86,0,544,1.14,16.59,146
399,19.77,0,545,1.2,16.48,145
401,21.36,0,546,1.3,16.48,145
401,23.86,0,547,1.45,16.48,145
404,24.66,0,548,1.51,16.36,144
405,26.59,0,549,1.61,16.48,145
405,28.07,0,550,1.7,16.48,145
405,27.05,0,551,1.63,16.59,146
405,29.2,0,552,1.74,16.82,148
405,28.52,0,553,1.67,17.05,150
405,26.02,0,554,1.53,17.05,150
405,25.45,0,555,1.47,17.27,152
405,24.66,0,556,1.42,17.39,153
405,22.05,0,557,1.26,17.5,154
405,22.27,0,558,1.26,17.73,156
406,22.61,0,559,1.28,17.73,156
408,21.02,0,560,1.19,17.73,156
409,21.02,0,561,1.18,17.84,157
412,20.45,0,562,1.16,17.61,155
412,21.7,0,563,1.22,17.84,157
414,21.7,0,564,1.22,17.73,156
415,24.09,0,565,1.35,17.84,157
419,23.07,0,566,1.31,17.61,155
420,26.59,0,567,1.5,17.73,156
421,27.27,0,568,1.55,17.61,155
422,28.86,0,569,1.65,17.5,154
422,27.73,0,570,1.57,17.61,155
422,27.73,0,571,1.57,17.61,155
422,27.39,0,572,1.54,17.84,157
422,25.8,0,573,1.45,17.84,157
422,26.48,0,574,1.47,18.07,159
422,25.11,0,575,1.37,18.3,161
422,25.45,0,576,1.39,18.3,161
422,22.84,0,577,1.24,18.41,162
422,21.36,0,578,1.15,18.64,164
422,21.02,0,579,1.13,18.64,164
425,19.2,0,580,1.05,18.3,161
427,18.98,0,581,1.04,18.3,161
429,17.61,0,582,0.97,18.07,159
431,18.86,0,583,1.05,17.95,158
433,19.43,0,584,1.08,17.95,158
436,18.64,0,585,1.05,17.73,156
437,20.8,0,586,1.17,17.73,156
439,22.73,0,587,1.28,17.73,156
440,23.86,0,588,1.35,17.73,156
441,26.25,0,589,1.47,17.84,157
441,26.59,0,590,1.48,17.95,158
441,25.68,0,591,1.43,17.95,158
441,26.48,0,592,1.47,18.07,159
441,26.25,0,593,1.43,18.3,161
441,25.11,0,594,1.37,18.3,161
441,26.59,0,595,1.44,18.41,162
441,24.09,0,596,1.31,18.41,162
441,23.64,0,597,1.27,18.64,164
441,21.48,0,598,1.15,18.75,165
442,19.55,0,599,1.05,18.64,164
444,17.16,0,600,0.93,18.52,163
447,15.91,0,601,0.87,18.3,161
447,19.2,0,602,1.04,18.52,163
450,17.95,0,603,0.98,18.3,161
451,19.66,0,604,1.07,18.41,162
452,22.05,0,605,1.19,18.52,163
454,23.3,0,606,1.27,18.41,162
455,25.57,0,607,1.38,18.52,163
457,26.25,0,608,1.43,18.3,161
458,28.3,0,609,1.54,18.41,162
459,27.95,0,610,1.52,18.41,162
459,27.16,0,611,1.48,18.41,162
459,27.95,0,612,1.51,18.52,163
459,25.91,0,613,1.4,18.52,163
459,25.68,0,614,1.38,18.64,164
459,24.66,0,615,1.32,18.64,164
459,23.07,0,616,1.23,18.75,165
459,21.82,0,617,1.16,18.86,166
459,19.32,0,618,1.02,18.86,166
460,19.89,0,619,1.06,18.75,165
463,16.93,0,620,0.92,18.41,162
463,17.5,0,621,0.94,18.64,164
466,16.59,0,622,0.91,18.3,161
469,18.41,0,623,1.01,18.18,160
472,17.5,0,624,0.98,17.84,157
472,19.32,0,625,1.08,17.84,157
474,21.02,0,626,1.18,17.84,157
476,21.02,0,627,1.19,17.73,156
478,21.93,0,628,1.25,17.5,154
478,24.89,0,629,1.41,17.61,155
478,25.91,0,630,1.46,17.73,156
478,26.48,0,631,1.47,17.95,158
478,25.8,0,632,1.44,17.95,158
478,25.68,0,633,1.41,18.18,160
478,24.43,0,634,1.34,18.18,160
478,22.16,0,635,1.22,18.18,160
478,22.16,0,636,1.2,18.41,162
478,19.77,0,637,1.06,18.64,164
478,20.23,0,638,1.07,18.86,166
480,18.18,0,639,0.97,18.75,165
481,17.27,0,640,0.92,18.86,166
481,17.95,0,641,0.94,19.09,168
484,18.86,0,642,1,18.86,166
485,20.45,0,643,1.08,18.98,167
486,21.14,0,644,1.12,18.86,166
486,23.64,0,645,1.25,18.86,166
489,24.66,0,646,1.32,18.64,164
491,25.45,0,647,1.37,18.52,163
493,26.7,0,648,1.44,18.52,163
493,28.41,0,649,1.52,18.75,165
494,27.27,0,650,1.46,18.64,164
494,26.82,0,651,1.43,18.75,165
494,27.95,0,652,1.48,18.86,166
494,26.02,0,653,1.37,18.98,167
494,25.57,0,654,1.35,18.98,167
494,26.48,0,655,1.38,19.2,169
494,24.43,0,656,1.27,19.2,169
494,23.41,0,657,1.21,19.32,170
494,22.05,0,658,1.14,19.32,170
496,20.34,0,659,1.05,19.32,170
496,20.23,0,660,1.03,19.55,172
499,18.64,0,661,0.96,19.32,170
502,18.3,0,662,0.95,19.2,169
503,18.98,0,663,0.98,19.32,170
505,18.98,0,664,0.99,19.09,168
508,18.98,0,665,1.01,18.75,165
509,20.23,0,666,1.09,18.64,164
510,22.16,0,667,1.19,18.64,164
513,23.3,0,668,1.26,18.52,163
515,24.32,0,669,1.33,18.3,161
515,22.5,0,670,1.23,18.3,161
515,22.16,0,671,1.2,18.41,162
515,21.93,0,672,1.19,18.41,162
515,23.18,0,673,1.24,18.64,164
515,22.73,0,674,1.21,18.75,165
515,23.86,0,675,1.26,18.98,167
515,23.41,0,676,1.22,19.2,169
515,20.11,0,677,1.05,19.2,169
515,19.89,0,678,1.04,19.2,169
516,17.95,0,679,0.93,19.2,169
518,16.36,0,680,0.86,19.09,168
518,17.5,0,681,0.91,19.2,169
520,17.73,0,682,0.93,18.98,167
521,19.77,0,683,1.04,19.09,168
524,18.41,0,684,0.98,18.75,165
525,18.3,0,685,0.98,18.64,164
526,21.25,0,686,1.13,18.75,165
529,22.27,0,687,1.2,18.52,163
530,24.09,0,688,1.31,18.41,162
530,25.68,0,689,1.38,18.64,164
530,26.59,0,690,1.42,18.75,165
530,26.02,0,691,1.39,18.75,165
530,25.34,0,692,1.34,18.86,166
530,25.45,0,693,1.35,18.86,166
530,26.02,0,694,1.38,18.86,166
530,23.64,0,695,1.25,18.86,166
530,22.5,0,696,1.18,19.09,168
530,20.8,0,697,1.09,19.09,168
531,19.2,0,698,1.01,19.09,168
532,17.27,0,699,0.91,18.98,167
534,16.7,0,700,0.89,18.75,165
536,17.16,0,701,0.92,18.75,165
538,16.82,0,702,0.91,18.52,163
538,19.09,0,703,1.02,18.75,165
540,20.57,0,704,1.1,18.64,164
543,21.02,0,705,1.13,18.52,163
544,23.41,0,706,1.26,18.64,164
546,26.25,0,707,1.42,18.52,163
547,26.25,0,708,1.43,18.41,162
549,26.82,0,709,1.48,18.18,160
550,26.36,0,710,1.46,18.07,159
551,25.57,0,711,1.42,17.95,158
551,24.66,0,712,1.36,18.07,159
551,23.75,0,713,1.31,18.18,160
551,22.95,0,714,1.26,18.18,160
551,20.23,0,715,1.11,18.3,161
551,18.52,0,716,1.01,18.41,162
551,19.55,0,717,1.06,18.41,162
551,18.86,0,718,1.01,18.64,164
553,17.73,0,719,0.96,18.52,163
554,18.07,0,720,0.97,18.64,164
555,18.3,0,721,0.98,18.75,165
557,18.18,0,722,0.98,18.64,164
557,19.66,0,723,1.05,18.64,164
560,20.45,0,724,1.11,18.41,162
561,20.8,0,725,1.14,18.3,161
563,22.95,0,726,1.25,18.3,161
564,23.86,0,727,1.31,18.18,160
567,24.43,0,728,1.35,18.07,159
570,25.8,0,729,1.44,17.95,158
570,24.77,0,730,1.38,17.95,158
570,24.32,0,731,1.34,18.18,160
570,24.89,0,732,1.35,18.41,162
570,25.91,0,733,1.4,18.52,163
570,25,0,734,1.34,18.64,164
570,24.89,0,735,1.33,18.75,165
570,23.98,0,736,1.26,18.98,167
570,22.39,0,737,1.18,18.98,167
570,21.25,0,738,1.11,19.2,169
571,20.68,0,739,1.07,19.32,170
572,17.95,0,740,0.93,19.2,169
575,17.27,0,741,0.9,19.09,168
577,16.93,0,742,0.9,18.86,166
577,17.95,0,743,0.95,18.98,167
579,18.3,0,744,0.97,18.86,166
582,18.86,0,745,1.01,18.75,165
582,21.48,0,746,1.13,18.98,167
583,23.41,0,747,1.23,18.98,167
583,22.16,0,748,1.17,18.98,167
583,25.11,0,749,1.32,19.09,168
583,25.57,0,750,1.32,19.32,170
583,27.05,0,751,1.38,19.55,172
583,27.95,0,752,1.42,19.66,173
583,27.27,0,753,1.38,19.77,174
583,25.45,0,754,1.29,19.77,174
583,24.2,0,755,1.21,20,176
583,24.2,0,756,1.2,20.11,177
583,23.64,0,757,1.17,20.23,178
584,22.05,0,758,1.08,20.34,179
585,20.57,0,759,1.01,20.45,180
585,20.34,0,760,0.99,20.57,181
585,19.66,0,761,0.96,20.57,181
589,18.75,0,762,0.92,20.34,179
590,18.86,0,763,0.93,20.23,178
592,18.52,0,764,0.93,20,176
592,20.68,0,765,1.02,20.23,178
596,20.8,0,766,1.04,20,176
598,21.48,0,767,1.09,19.77,174
598,22.73,0,768,1.14,19.89,175
598,23.52,0,769,1.18,19.89,175
598,25.23,0,770,1.25,20.11,177
598,25.8,0,771,1.28,20.23,178
598,28.07,0,772,1.37,20.45,180
598,25.45,0,773,1.24,20.45,180
598,25.8,0,774,1.25,20.68,182
598,24.66,0,775,1.19,20.8,183
598,23.18,0,776,1.11,20.91,184
598,24.55,0,777,1.16,21.14,186
598,22.84,0,778,1.08,21.14,186
600,21.14,0,779,1.01,20.91,184
601,20.11,0,780,0.96,20.91,184
604,18.41,0,781,0.9,20.57,181
605,16.93,0,782,0.82,20.57,181
607,18.64,0,783,0.91,20.57,181
609,20.68,0,784,1.01,20.57,181
610,20.68,0,785,1,20.68,182
614,21.36,0,786,1.06,20.23,178
614,23.75,0,787,1.16,20.45,180
616,24.77,0,788,1.22,20.34,179
616,26.36,0,789,1.29,20.45,180
616,27.95,0,790,1.35,20.68,182
616,28.75,0,791,1.38,20.91,184
616,27.16,0,792,1.3,20.91,184
616,27.16,0,793,1.29,21.02,185
616,25.68,0,794,1.22,21.02,185
616,22.95,0,795,1.09,21.02,185
616,22.95,0,796,1.09,21.02,185
616,19.32,0,797,0.92,21.02,185
616,18.41,0,798,0.87,21.14,186
616,15.57,0,799,0.74,21.14,186
618,15.8,0,800,0.75,21.02,185
619,16.7,0,801,0.79,21.14,186
623,16.02,0,802,0.77,20.91,184
623,16.14,0,803,0.77,20.91,184
624,18.41,0,804,0.88,20.91,184
626,19.43,0,805,0.93,20.8,183
627,21.14,0,806,1.02,20.68,182
631,20.34,0,807,0.99,20.45,180
632,22.84,0,808,1.12,20.45,180
632,25.23,0,809,1.23,20.57,181
633,23.86,0,810,1.16,20.57,181
633,25.91,0,811,1.25,20.8,183
633,25.8,0,812,1.23,20.91,184
633,25.23,0,813,1.2,21.02,185
633,25.57,0,814,1.2,21.25,187
633,25.91,0,815,1.21,21.48,189
633,24.43,0,816,1.13,21.7,191
633,22.05,0,817,1.02,21.7,191
633,22.61,0,818,1.04,21.82,192
633,19.09,0,819,0.88,21.82,192
635,16.82,0,820,0.77,21.82,192
636,16.7,0,821,0.77,21.82,192
638,15.68,0,822,0.73,21.59,190
640,16.48,0,823,0.77,21.48,189
641,17.16,0,824,0.79,21.59,190
643,19.89,0,825,0.92,21.59,190
645,22.73,0,826,1.05,21.59,190
646,24.32,0,827,1.13,21.48,189
646,27.05,0,828,1.25,21.7,191
646,27.95,0,829,1.28,21.82,192
646,27.61,0,830,1.26,21.93,193
646,28.07,0,831,1.28,21.93,193
646,28.07,0,832,1.27,22.16,195
646,27.39,0,833,1.22,22.39,197
646,24.77,0,834,1.11,22.39,197
646,24.89,0,835,1.11,22.5,198
646,23.07,0,836,1.03,22.5,198
646,22.5,0,837,0.99,22.73,200
646,22.73,0,838,0.99,22.95,202
646,21.48,0,839,0.93,23.07,203
647,19.2,0,840,0.84,22.95,202
649,20.11,0,841,0.88,22.84,201
650,21.48,0,842,0.94,22.95,202
652,22.05,0,843,0.97,22.73,200
654,23.86,0,844,1.06,22.5,198
656,24.09,0,845,1.08,22.39,197
659,23.07,0,846,1.05,22.05,194
660,25.8,0,847,1.17,22.05,194
663,26.02,0,848,1.19,21.93,193
663,28.07,0,849,1.27,22.05,194
664,28.86,0,850,1.32,21.93,193
665,28.64,0,851,1.31,21.93,193
665,29.32,0,852,1.33,22.05,194
665,27.84,0,853,1.26,22.05,194
665,25.57,0,854,1.15,22.27,196
665,23.75,0,855,1.07,22.27,196
665,22.73,0,856,1.01,22.5,198
665,22.84,0,857,1.01,22.61,199
665,22.5,0,858,0.99,22.73,200
666,19.55,0,859,0.86,22.61,199
668,18.86,0,860,0.83,22.61,199
669,19.66,0,861,0.86,22.73,200
673,20.45,0,862,0.91,22.5,198
675,20.11,0,863,0.9,22.27,196
676,20.57,0,864,0.93,22.16,195
677,21.25,0,865,0.96,22.05,194
680,20.91,0,866,0.96,21.82,192
680,21.48,0,867,0.98,21.82,192
683,22.39,0,868,1.03,21.7,191
683,24.66,0,869,1.13,21.82,192
683,25.23,0,870,1.15,21.93,193
683,27.16,0,871,1.23,22.16,195
683,29.55,0,872,1.32,22.39,197
683,27.16,0,873,1.21,22.39,197
683,25.57,0,874,1.14,22.39,197
683,24.55,0,875,1.1,22.39,197
683,23.07,0,876,1.03,22.39,197
683,20.68,0,877,0.91,22.61,199
684,20.11,0,878,0.89,22.73,200
685,17.61,0,879,0.77,22.84,201
686,17.84,0,880,0.78,22.84,201
689,18.98,0,881,0.83,22.73,200
690,20.34,0,882,0.9,22.61,199
691,20.34,0,883,0.9,22.5,198
693,20.68,0,884,0.92,22.39,197
695,21.59,0,885,0.97,22.27,196
696,23.3,0,886,1.05,22.27,196
699,21.59,0,887,0.98,21.93,193
700,20.8,0,888,0.95,21.82,192
701,21.7,0,889,0.99,21.93,193
702,22.27,0,890,1.02,21.82,192
702,23.64,0,891,1.08,21.93,193
702,22.5,0,892,1.02,22.05,194
702,22.39,0,893,1.02,22.05,194
702,21.7,0,894,0.98,22.16,195
702,21.82,0,895,0.97,22.39,197
702,22.39,0,896,0.99,22.61,199
702,20.68,0,897,0.91,22.73,200
703,20.68,0,898,0.91,22.84,201
704,19.43,0,899,0.85,22.95,202
705,19.2,0,900,0.83,23.07,203
707,20.34,0,901,0.89,22.84,201
710,19.43,0,902,0.86,22.61,199
710,20.34,0,903,0.9,22.73,200
714,18.98,0,904,0.85,22.27,196
716,20,0,905,0.91,22.05,194
717,20.91,0,906,0.95,22.05,194
719,21.59,0,907,0.98,21.93,193
719,22.84,0,908,1.04,22.05,194
719,25.45,0,909,1.14,22.27,196
719,26.48,0,910,1.18,22.39,197
719,25.23,0,911,1.13,22.39,197
719,24.32,0,912,1.08,22.5,198
719,24.77,0,913,1.1,22.5,198
719,24.43,0,914,1.07,22.73,200
719,23.64,0,915,1.03,22.84,201
719,21.7,0,916,0.94,23.07,203
719,21.02,0,917,0.9,23.3,205
720,21.25,0,918,0.91,23.3,205
721,19.09,0,919,0.82,23.18,204
722,18.75,0,920,0.81,23.07,203
724,17.39,0,921,0.76,22.84,201
726,18.3,0,922,0.81,22.73,200
728,18.18,0,923,0.8,22.73,200
729,18.41,0,924,0.81,22.61,199
730,20.45,0,925,0.9,22.61,199
733,21.25,0,926,0.94,22.5,198
735,23.07,0,927,1.03,22.39,197
735,25.57,0,928,1.13,22.61,199
737,25.57,0,929,1.14,22.39,197
737,25.45,0,930,1.13,22.5,198
737,26.36,0,931,1.17,22.5,198
737,24.09,0,932,1.07,22.5,198
737,23.64,0,933,1.05,22.5,198
737,22.95,0,934,1.02,22.5,198
737,22.27,0,935,0.99,22.5,198
737,20.34,0,936,0.9,22.73,200
737,18.18,0,937,0.8,22.73,200
739,17.16,0,938,0.76,22.61,199
740,16.25,0,939,0.71,22.73,200
740,18.18,0,940,0.79,22.95,202
743,17.61,0,941,0.78,22.61,199
744,18.98,0,942,0.84,22.5,198
747,18.52,0,943,0.84,22.16,195
748,19.2,0,944,0.87,22.05,194
750,19.89,0,945,0.9,22.05,194
751,21.93,0,946,0.99,22.05,194
753,22.05,0,947,1.01,21.82,192
756,21.82,0,948,1.01,21.7,191
756,23.18,0,949,1.07,21.7,191
756,23.41,0,950,1.08,21.7,191
756,23.75,0,951,1.09,21.82,192
756,23.52,0,952,1.08,21.82,192
756,21.82,0,953,1,21.82,192
756,21.59,0,954,0.99,21.82,192
756,20.57,0,955,0.93,22.05,194
756,20.23,0,956,0.92,22.05,194
756,18.75,0,957,0.85,22.16,195
757,17.95,0,958,0.81,22.05,194
758,17.16,0,959,0.78,22.05,194
761,16.59,0,960,0.76,21.82,192
762,16.36,0,961,0.75,21.82,192
764,16.36,0,962,0.75,21.82,192
766,15.8,0,963,0.73,21.59,190
767,17.84,0,964,0.83,21.59,190
769,19.43,0,965,0.9,21.48,189
771,20.68,0,966,0.96,21.48,189
773,21.82,0,967,1.02,21.36,188
774,23.18,0,968,1.09,21.25,187
774,24.55,0,969,1.15,21.36,188
774,24.43,0,970,1.14,21.48,189
775,25.8,0,971,1.19,21.59,190
775,26.59,0,972,1.22,21.82,192
775,26.59,0,973,1.21,22.05,194
775,24.09,0,974,1.08,22.27,196
775,25.23,0,975,1.12,22.5,198
775,24.32,0,976,1.08,22.61,199
775,23.52,0,977,1.03,22.84,201
775,22.84,0,978,1,22.95,202
776,21.36,0,979,0.93,22.95,202
777,19.66,0,980,0.85,23.07,203
780,18.98,0,981,0.83,22.84,201
781,18.86,0,982,0.82,22.95,202
783,17.84,0,983,0.79,22.73,200
784,19.89,0,984,0.87,22.84,201
786,21.14,0,985,0.93,22.61,199
787,21.36,0,986,0.95,22.5,198
790,22.61,0,987,1.02,22.27,196
790,24.32,0,988,1.09,22.39,197
791,26.14,0,989,1.17,22.39,197
792,23.86,0,990,1.07,22.27,196
792,24.55,0,991,1.1,22.39,197
792,25.57,0,992,1.14,22.5,198
792,23.86,0,993,1.06,22.5,198
792,22.39,0,994,0.99,22.61,199
792,22.73,0,995,1,22.84,201
792,21.36,0,996,0.93,23.07,203
792,20.57,0,997,0.89,23.07,203
792,18.75,0,998,0.81,23.07,203
792,18.75,0,999,0.8,23.3,205
793,18.86,0,1000,0.81,23.3,205
796,18.52,0,1001,0.8,23.18,204
797,18.98,0,1002,0.81,23.3,205
800,18.41,0,1003,0.8,23.07,203
801,20.45,0,1004,0.89,23.07,203
803,21.02,0,1005,0.91,23.07,203
804,22.73,0,1006,0.99,23.07,203
806,22.5,0,1007,0.99,22.84,201
809,21.93,0,1008,0.97,22.5,198
809,23.3,0,1009,1.02,22.73,200
809,24.43,0,1010,1.07,22.73,200
809,24.55,0,1011,1.07,22.84,201
809,24.32,0,1012,1.06,22.95,202
809,25.45,0,1013,1.1,23.07,203
809,23.86,0,1014,1.03,23.18,204
809,22.39,0,1015,0.97,23.18,204
809,22.27,0,1016,0.96,23.18,204
809,20.11,0,1017,0.87,23.18,204
809,20,0,1018,0.85,23.41,206
812,17.39,0,1019,0.75,23.18,204
813,17.39,0,1020,0.75,23.3,205
815,16.59,0,1021,0.72,23.07,203
816,18.18,0,1022,0.78,23.18,204
818,17.84,0,1023,0.78,22.95,202
820,18.18,0,1024,0.79,22.95,202
823,17.95,0,1025,0.79,22.61,199
823,20.11,0,1026,0.89,22.73,200
823,21.7,0,1027,0.95,22.95,202
825,23.75,0,1028,1.03,22.95,202
826,25.91,0,1029,1.12,23.07,203
826,26.7,0,1030,1.16,23.07,203
826,29.77,0,1031,1.29,23.07,203
826,28.07,0,1032,1.21,23.18,204
826,27.5,0,1033,1.17,23.41,206
826,25.34,0,1034,1.07,23.64,208
826,23.86,0,1035,1,23.86,210
826,22.73,0,1036,0.95,23.86,210
826,22.61,0,1037,0.95,23.86,210
826,21.48,0,1038,0.9,23.86,210
828,19.09,0,1039,0.8,23.75,209
830,18.52,0,1040,0.78,23.64,208
831,19.89,0,1041,0.84,23.64,208
832,21.25,0,1042,0.89,23.75,209
834,21.82,0,1043,0.92,23.64,208
836,24.2,0,1044,1.02,23.64,208
839,24.43,0,1045,1.04,23.52,207
841,25.45,0,1046,1.08,23.52,207
843,26.7,0,1047,1.14,23.41,206
846,26.36,0,1048,1.14,23.18,204
846,27.84,0,1049,1.2,23.3,205
846,27.73,0,1050,1.19,23.3,205
846,27.95,0,1051,1.19,23.52,207
846,26.02,0,1052,1.1,23.75,209
846,25.23,0,1053,1.06,23.75,209
846,25.11,0,1054,1.05,23.98,211
846,23.86,0,1055,1,23.98,211
846,23.07,0,1056,0.96,23.98,211
846,21.02,0,1057,0.87,24.09,212
847,19.32,0,1058,0.8,24.2,213
847,19.43,0,1059,0.8,24.43,215
849,17.16,0,1060,0.71,24.2,213
849,16.93,0,1061,0.7,24.2,213
851,17.05,0,1062,0.71,23.98,211
854,16.36,0,1063,0.69,23.64,208
856,17.73,0,1064,0.75,23.52,207
858,17.05,0,1065,0.73,23.41,206
861,17.61,0,1066,0.76,23.07,203
862,21.02,0,1067,0.92,22.95,202
862,23.18,0,1068,1.01,22.95,202
862,25.57,0,1069,1.11,23.07,203
862,25.57,0,1070,1.1,23.3,205
862,26.25,0,1071,1.13,23.3,205
862,26.02,0,1072,1.11,23.52,207
862,26.93,0,1073,1.14,23.64,208
862,25.45,0,1074,1.08,23.64,208
862,23.52,0,1075,0.99,23.86,210
862,24.55,0,1076,1.02,24.09,212
862,23.07,0,1077,0.95,24.32,214
862,21.93,0,1078,0.9,24.43,215
864,20,0,1079,0.83,24.2,213
866,19.55,0,1080,0.81,24.2,213
867,19.09,0,1081,0.79,24.32,214
869,18.75,0,1082,0.78,24.09,212
871,19.55,0,1083,0.82,23.86,210
873,20.34,0,1084,0.86,23.75,209
875,20.91,0,1085,0.88,23.75,209
876,21.36,0,1086,0.9,23.75,209
879,22.73,0,1087,0.97,23.41,206
880,25.23,0,1088,1.07,23.52,207
880,27.05,0,1089,1.15,23.52,207
880,27.39,0,1090,1.16,23.64,208
880,26.36,0,1091,1.12,23.64,208
880,25,0,1092,1.05,23.86,210
880,25,0,1093,1.04,24.09,212
880,22.61,0,1094,0.93,24.2,213
880,23.07,0,1095,0.94,24.43,215
880,23.3,0,1096,0.94,24.66,217
880,22.95,0,1097,0.92,24.89,219
881,20.45,0,1098,0.82,24.89,219
881,18.3,0,1099,0.74,24.89,219
882,17.84,0,1100,0.72,24.77,218
883,18.3,0,1101,0.74,24.77,218
885,17.39,0,1102,0.71,24.66,217
887,19.66,0,1103,0.8,24.66,217
889,20.91,0,1104,0.85,24.55,216
890,21.48,0,1105,0.88,24.43,215
892,22.39,0,1106,0.92,24.43,215
896,22.73,0,1107,0.94,24.09,212
896,25.57,0,1108,1.05,24.32,214
896,26.7,0,1109,1.09,24.55,216
896,26.7,0,1110,1.08,24.77,218
896,27.5,0,1111,1.11,24.89,219
896,26.82,0,1112,1.08,24.89,219
896,26.36,0,1113,1.05,25,220
896,22.84,0,1114,0.91,25.11,221
896,21.48,0,1115,0.86,25.11,221
896,20.34,0,1116,0.8,25.34,223
896,19.77,0,1117,0.78,25.34,223
896,20.57,0,1118,0.8,25.57,225
898,20.68,0,1119,0.81,25.45,224
898,18.75,0,1120,0.74,25.45,224
901,20,0,1121,0.79,25.34,223
902,18.86,0,1122,0.75,25.23,222
904,18.86,0,1123,0.75,25.11,221
908,19.32,0,1124,0.78,24.89,219
910,20.45,0,1125,0.82,24.89,219
911,21.25,0,1126,0.86,24.77,218
912,24.55,0,1127,0.99,24.89,219
912,24.66,0,1128,0.99,24.89,219
913,26.25,0,1129,1.05,25,220
913,27.84,0,1130,1.1,25.23,222
914,28.75,0,1131,1.14,25.23,222
914,27.16,0,1132,1.08,25.23,222
914,24.89,0,1133,0.98,25.34,223
914,23.98,0,1134,0.94,25.45,224
914,22.05,0,1135,0.87,25.45,224
914,18.98,0,1136,0.74,25.57,225
914,20,0,1137,0.78,25.8,227
915,18.07,0,1138,0.7,25.68,226
916,17.73,0,1139,0.69,25.8,227
916,19.66,0,1140,0.76,26.02,229
917,20.91,0,1141,0.8,26.14,230
917,21.25,0,1142,0.81,26.36,232
920,20.91,0,1143,0.8,26.14,230
922,22.05,0,1144,0.84,26.14,230
923,22.61,0,1145,0.87,26.02,229
926,20.11,0,1146,0.78,25.68,226
926,23.98,0,1147,0.93,25.68,226
927,25.68,0,1148,1,25.8,227
930,24.89,0,1149,0.97,25.57,225
932,23.52,0,1150,0.92,25.45,224
932,25.57,0,1151,1,25.45,224
932,25.23,0,1152,0.99,25.45,224
932,24.09,0,1153,0.94,25.68,226
932,23.18,0,1154,0.89,25.91,228
932,22.27,0,1155,0.86,25.91,228
932,24.32,0,1156,0.93,26.02,229
932,22.73,0,1157,0.87,26.25,231
932,22.16,0,1158,0.84,26.48,233
935,19.09,0,1159,0.72,26.36,232
935,19.2,0,1160,0.73,26.36,232
938,18.3,0,1161,0.7,26.25,231
940,19.2,0,1162,0.73,26.14,230
941,19.2,0,1163,0.73,26.14,230
944,18.98,0,1164,0.73,25.91,228
944,21.93,0,1165,0.84,26.14,230
946,24.55,0,1166,0.94,26.14,230
947,25.45,0,1167,0.97,26.14,230
949,25.11,0,1168,0.97,26.02,229
949,27.16,0,1169,1.04,26.14,230
950,26.36,0,1170,1.01,26.02,229
950,26.48,0,1171,1.01,26.14,230
950,24.43,0,1172,0.93,26.14,230
950,23.18,0,1173,0.88,26.25,231
950,21.14,0,1174,0.81,26.25,231
950,22.16,0,1175,0.84,26.48,233
950,21.59,0,1176,0.82,26.48,233
950,21.36,0,1177,0.8,26.7,235
950,21.36,0,1178,0.8,26.82,236
951,18.41,0,1179,0.69,26.82,236
953,18.07,0,1180,0.67,26.82,236
955,18.75,0,1181,0.7,26.82,236
956,18.75,0,1182,0.7,26.93,237
959,19.43,0,1183,0.73,26.7,235
960,19.09,0,1184,0.71,26.7,235
962,17.95,0,1185,0.68,26.48,233
964,19.77,0,1186,0.75,26.48,233
965,21.02,0,1187,0.8,26.36,232
966,23.64,0,1188,0.9,26.36,232
966,23.75,0,1189,0.9,26.36,232
966,24.77,0,1190,0.94,26.36,232
966,25.91,0,1191,0.97,26.59,234
966,24.32,0,1192,0.91,26.59,234
966,21.93,0,1193,0.82,26.59,234
966,22.39,0,1194,0.84,26.7,235
966,19.89,0,1195,0.74,26.82,236
966,20.45,0,1196,0.76,27.05,238
966,20.34,0,1197,0.75,27.16,239
968,19.32,0,1198,0.71,27.16,239
968,17.27,0,1199,0.64,27.16,239
968,17.05,0,1200,0.62,27.27,240
968,16.93,0,1201,0.62,27.27,240
970,15.57,0,1202,0.58,27.05,238
971,17.39,0,1203,0.64,27.16,239
975,17.95,0,1204,0.67,26.7,235
976,19.43,0,1205,0.73,26.7,235
977,20.34,0,1206,0.76,26.59,234
980,20.68,0,1207,0.78,26.48,233
980,24.2,0,1208,0.91,26.59,234
980,25.91,0,1209,0.97,26.7,235
981,26.14,0,1210,0.98,26.7,235
981,25.91,0,1211,0.97,26.7,235
981,27.05,0,1212,1,26.93,237
981,23.98,0,1213,0.89,27.05,238
981,24.77,0,1214,0.91,27.16,239
981,23.52,0,1215,0.86,27.27,240
981,22.61,0,1216,0.82,27.5,242
981,22.05,0,1217,0.8,27.61,243
981,22.39,0,1218,0.8,27.84,245
982,19.89,0,1219,0.71,27.84,245
983,19.55,0,1220,0.7,27.73,244
986,16.48,0,1221,0.6,27.39,241
987,17.39,0,1222,0.63,27.39,241
990,18.52,0,1223,0.68,27.16,239
992,19.09,0,1224,0.71,27.05,238
994,20.8,0,1225,0.77,26.93,237
996,21.7,0,1226,0.81,26.93,237
998,21.48,0,1227,0.8,26.7,235
998,23.98,0,1228,0.89,26.82,236
998,26.59,0,1229,0.99,26.93,237
998,25,0,1230,0.92,27.05,238
998,27.5,0,1231,1.01,27.27,240
998,27.61,0,1232,1,27.5,242
998,26.59,0,1233,0.96,27.61,243
998,26.7,0,1234,0.96,27.73,244
998,25.34,0,1235,0.91,27.84,245
998,22.27,0,1236,0.8,27.84,245
998,21.25,0,1237,0.76,27.84,245
999,18.64,0,1238,0.67,27.84,245
1001,18.18,0,1239,0.65,27.84,245
1003,17.5,0,1240,0.63,27.84,245
1005,17.95,0,1241,0.65,27.73,244
1006,17.16,0,1242,0.62,27.61,243
1007,18.3,0,1243,0.66,27.73,244
1009,20.57,0,1244,0.74,27.73,244
1010,21.93,0,1245,0.79,27.61,243
1012,23.18,0,1246,0.84,27.61,243
1015,23.98,0,1247,0.88,27.39,241
1015,26.14,0,1248,0.95,27.39,241
1016,28.18,0,1249,1.03,27.39,241
1016,28.52,0,1250,1.04,27.5,242
1016,27.95,0,1251,1.02,27.5,242
1016,28.07,0,1252,1.02,27.5,242
1016,25.23,0,1253,0.91,27.61,243
1016,25.23,0,1254,0.91,27.84,245
1016,24.77,0,1255,0.89,27.95,246
1016,23.3,0,1256,0.83,28.18,248
1016,21.02,0,1257,0.75,28.18,248
1017,19.09,0,1258,0.67,28.3,249
1018,18.3,0,1259,0.65,28.3,249
1020,17.95,0,1260,0.63,28.3,249
1022,19.09,0,1261,0.67,28.3,249
1022,22.16,0,1262,0.78,28.41,250
1025,19.89,0,1263,0.7,28.3,249
1026,20.11,0,1264,0.71,28.41,250
1029,21.7,0,1265,0.77,28.18,248
1029,22.27,0,1266,0.79,28.18,248
1031,21.82,0,1267,0.78,27.95,246
1033,22.84,0,1268,0.82,27.95,246
1035,24.09,0,1269,0.87,27.84,245
1035,24.55,0,1270,0.87,28.07,247
1035,24.09,0,1271,0.86,28.07,247
1035,23.86,0,1272,0.84,28.3,249
1035,21.59,0,1273,0.76,28.52,251
1035,21.82,0,1274,0.76,28.52,251
1035,21.7,0,1275,0.75,28.75,253
1035,19.89,0,1276,0.69,28.75,253
1035,20.23,0,1277,0.7,28.86,254
1035,19.43,0,1278,0.67,29.09,256
1035,18.75,0,1279,0.64,29.2,257
1036,18.18,0,1280,0.62,29.2,257
1039,17.73,0,1281,0.61,29.09,256
1040,18.52,0,1282,0.64,29.09,256
1042,19.77,0,1283,0.68,29.09,256
1044,19.77,0,1284,0.68,28.98,255
1046,19.09,0,1285,0.66,28.75,253
1047,21.02,0,1286,0.73,28.86,254
1049,20.68,0,1287,0.72,28.75,253
1051,21.59,0,1288,0.75,28.64,252
1051,24.2,0,1289,0.85,28.64,252
1051,24.89,0,1290,0.87,28.64,252
1051,24.66,0,1291,0.86,28.75,253
1051,22.5,0,1292,0.78,28.75,253
1051,22.84,0,1293,0.79,28.98,255
1051,21.82,0,1294,0.75,29.2,257
1051,21.82,0,1295,0.75,29.2,257
1051,18.98,0,1296,0.65,29.2,257
1051,18.07,0,1297,0.61,29.43,259
1051,17.73,0,1298,0.6,29.43,259
1052,14.43,0,1299,0.49,29.32,258
1054,13.98,0,1300,0.48,29.09,256
1054,17.61,0,1301,0.6,29.2,257
1055,19.66,0,1302,0.67,29.32,258
1057,19.32,0,1303,0.66,29.09,256
1058,21.02,0,1304,0.72,29.2,257
1060,19.66,0,1305,0.68,28.98,255
1061,20,0,1306,0.69,28.86,254
1063,21.59,0,1307,0.75,28.64,252
1064,23.41,0,1308,0.82,28.64,252
1065,22.84,0,1309,0.8,28.52,251
1065,25.11,0,1310,0.87,28.75,253
1065,25.57,0,1311,0.88,28.98,255
1065,24.89,0,1312,0.85,29.2,257
1065,25.91,0,1313,0.88,29.43,259
1065,22.5,0,1314,0.76,29.66,261
1065,21.25,0,1315,0.72,29.66,261
1065,18.41,0,1316,0.62,29.77,262
1065,17.05,0,1317,0.57,29.77,262
1065,15.8,0,1318,0.53,29.77,262
1068,14.66,0,1319,0.49,29.66,261
1069,15.23,0,1320,0.51,29.66,261
1069,15.8,0,1321,0.53,29.66,261
1072,17.27,0,1322,0.59,29.43,259
1073,17.61,0,1323,0.6,29.43,259
1076,16.02,0,1324,0.55,29.09,256
1077,18.52,0,1325,0.64,29.09,256
1077,22.05,0,1326,0.75,29.32,258
1080,21.7,0,1327,0.74,29.2,257
1080,24.32,0,1328,0.83,29.32,258
1080,25,0,1329,0.85,29.32,258
1080,24.55,0,1330,0.83,29.43,259
1080,25,0,1331,0.85,29.55,260
1080,26.48,0,1332,0.89,29.77,262
1080,24.77,0,1333,0.83,29.77,262
1080,23.41,0,1334,0.79,29.77,262
1080,21.93,0,1335,0.73,30,264
1080,21.82,0,1336,0.72,30.23,266
1080,21.02,0,1337,0.7,30.23,266
1081,20.11,0,1338,0.66,30.34,267
1083,17.84,0,1339,0.59,30.11,265
1084,18.07,0,1340,0.6,30.11,265
1085,17.16,0,1341,0.57,30.11,265
1086,17.84,0,1342,0.59,30,264
1089,17.95,0,1343,0.6,29.77,262
1091,18.3,0,1344,0.62,29.55,260
1092,20.34,0,1345,0.69,29.55,260
1094,20.91,0,1346,0.71,29.32,258
1095,21.82,0,1347,0.75,29.2,257
1098,24.32,0,1348,0.84,29.09,256
1098,27.39,0,1349,0.93,29.32,258
1098,24.09,0,1350,0.82,29.32,258
1098,24.77,0,1351,0.84,29.55,260
1098,25,0,1352,0.85,29.55,260
1098,23.52,0,1353,0.79,29.66,261
1098,21.25,0,1354,0.71,29.77,262
1098,21.48,0,1355,0.72,29.77,262
1098,20.8,0,1356,0.7,29.89,263
1098,17.95,0,1357,0.6,30.11,265
1098,18.52,0,1358,0.61,30.34,267
1098,18.41,0,1359,0.6,30.45,268
1100,18.75,0,1360,0.62,30.45,268
1103,16.25,0,1361,0.54,30.11,265
1105,16.82,0,1362,0.56,30,264
1107,18.07,0,1363,0.6,30,264
1109,17.27,0,1364,0.58,29.89,263
1109,20.45,0,1365,0.68,30,264
1110,21.02,0,1366,0.7,30,264
1112,22.27,0,1367,0.75,29.89,263
1112,23.86,0,1368,0.8,29.89,263
1113,25.11,0,1369,0.84,29.77,262
1113,24.2,0,1370,0.81,29.77,262
1113,23.64,0,1371,0.79,29.77,262
1113,22.27,0,1372,0.75,29.77,262
1113,22.84,0,1373,0.76,29.89,263
1113,22.73,0,1374,0.76,30,264
1113,22.73,0,1375,0.75,30.23,266
1113,21.7,0,1376,0.72,30.23,266
1113,19.43,0,1377,0.64,30.45,268
1114,18.41,0,1378,0.6,30.45,268
1116,17.95,0,1379,0.59,30.34,267
1118,16.82,0,1380,0.56,30.23,266
1119,18.3,0,1381,0.6,30.34,267
1123,17.73,0,1382,0.59,30.11,265
1123,18.98,0,1383,0.63,30.11,265
1125,19.77,0,1384,0.66,30.11,265
1125,21.59,0,1385,0.71,30.34,267
1128,22.27,0,1386,0.74,30.23,266
1129,22.39,0,1387,0.74,30.23,266
1129,23.07,0,1388,0.76,30.23,266
1129,26.14,0,1389,0.86,30.45,268
1129,26.14,0,1390,0.86,30.57,269
1129,25.23,0,1391,0.83,30.57,269
1129,23.98,0,1392,0.78,30.68,270
1129,22.61,0,1393,0.73,30.8,271
1129,23.98,0,1394,0.77,31.02,273
1129,23.64,0,1395,0.76,31.14,274
1129,21.93,0,1396,0.7,31.36,276
1129,20.68,0,1397,0.65,31.59,278
1130,19.43,0,1398,0.61,31.7,279
1131,18.75,0,1399,0.59,31.82,280
1132,18.3,0,1400,0.58,31.7,279
1132,18.3,0,1401,0.57,31.82,280
1134,18.41,0,1402,0.58,31.82,280
1136,17.5,0,1403,0.55,31.7,279
1139,17.39,0,1404,0.55,31.48,277
1139,18.52,0,1405,0.59,31.48,277
1141,20.57,0,1406,0.65,31.48,277
1142,21.59,0,1407,0.69,31.36,276
1146,23.3,0,1408,0.75,31.14,274
1146,25.91,0,1409,0.83,31.25,275
1147,25.11,0,1410,0.8,31.36,276
1147,23.64,0,1411,0.75,31.48,277
1147,23.3,0,1412,0.74,31.48,277
1147,22.27,0,1413,0.7,31.7,279
1147,21.82,0,1414,0.69,31.7,279
1147,17.84,0,1415,0.56,31.82,280
1147,18.41,0,1416,0.58,31.82,280
1147,18.64,0,1417,0.58,32.05,282
1147,16.14,0,1418,0.5,32.05,282
1148,14.89,0,1419,0.46,32.05,282
1149,15.34,0,1420,0.48,32.05,282
1151,15.11,0,1421,0.47,32.05,282
1151,16.93,0,1422,0.53,32.05,282
1153,18.07,0,1423,0.56,32.05,282
1153,19.2,0,1424,0.6,32.16,283
1155,20.45,0,1425,0.64,32.16,283
1157,21.14,0,1426,0.66,31.93,281
1160,20.68,0,1427,0.65,31.59,278
1161,20.91,0,1428,0.66,31.48,277
1162,22.5,0,1429,0.71,31.48,277
1162,22.84,0,1430,0.72,31.59,278
1162,23.18,0,1431,0.73,31.59,278
1162,20.8,0,1432,0.66,31.59,278
1162,20.23,0,1433,0.64,31.82,280
1162,18.75,0,1434,0.59,31.93,281
1162,20.11,0,1435,0.63,32.16,283
1162,18.41,0,1436,0.57,32.39,285
1162,16.25,0,1437,0.5,32.61,287
1162,16.93,0,1438,0.52,32.73,288
1163,15.68,0,1439,0.48,32.84,289
1165,15.23,0,1440,0.47,32.73,288
1166,16.14,0,1441,0.49,32.73,288
1168,14.55,0,1442,0.45,32.5,286
1171,17.05,0,1443,0.53,32.27,284
1172,17.5,0,1444,0.54,32.27,284
1174,16.59,0,1445,0.52,32.05,282
1176,18.86,0,1446,0.59,31.82,280
1176,21.48,0,1447,0.67,31.93,281
1177,22.5,0,1448,0.7,31.93,281
1177,25.45,0,1449,0.79,32.16,283
1177,25,0,1450,0.78,32.16,283
1177,25.91,0,1451,0.8,32.27,284
1177,23.18,0,1452,0.72,32.39,285
1177,20.8,0,1453,0.64,32.39,285
1177,20.45,0,1454,0.63,32.5,286
1177,19.2,0,1455,0.59,32.5,286
1177,19.2,0,1456,0.59,32.73,288
1177,17.84,0,1457,0.54,32.84,289
1178,15.91,0,1458,0.49,32.73,288
1179,15.11,0,1459,0.46,32.61,287
1180,14.89,0,1460,0.46,32.5,286
1180,17.16,0,1461,0.52,32.73,288
1183,16.59,0,1462,0.51,32.5,286
1184,16.7,0,1463,0.52,32.39,285
1187,16.25,0,1464,0.51,32.16,283
1188,16.82,0,1465,0.52,32.16,283
1191,17.27,0,1466,0.54,31.93,281
1191,19.43,0,1467,0.61,32.05,282
1192,20,0,1468,0.63,31.93,281
1192,22.73,0,1469,0.71,31.93,281
1192,23.07,0,1470,0.72,32.16,283
1192,22.61,0,1471,0.7,32.16,283
1192,22.84,0,1472,0.71,32.39,285
1192,21.36,0,1473,0.66,32.39,285
1192,19.32,0,1474,0.59,32.5,286
1192,20,0,1475,0.61,32.73,288
1192,18.18,0,1476,0.56,32.73,288
1192,18.41,0,1477,0.56,32.84,289
1192,17.5,0,1478,0.53,32.95,290
1192,17.84,0,1479,0.54,33.18,292
1196,15.91,0,1480,0.48,32.95,290
1198,15.34,0,1481,0.47,32.84,289
1199,16.14,0,1482,0.49,32.95,290
1201,16.25,0,1483,0.49,32.95,290
1202,19.66,0,1484,0.59,33.07,291
1205,19.32,0,1485,0.59,32.84,289
1206,19.32,0,1486,0.59,32.73,288
1208,21.14,0,1487,0.65,32.61,287
1209,21.59,0,1488,0.66,32.61,287
1209,21.48,0,1489,0.65,32.84,289
1209,23.86,0,1490,0.72,32.95,290
1209,22.95,0,1491,0.7,32.95,290
1209,21.25,0,1492,0.64,32.95,290
1209,20.8,0,1493,0.63,33.07,291
1209,19.66,0,1494,0.59,33.18,292
1209,18.52,0,1495,0.56,33.18,292
1209,17.39,0,1496,0.52,33.18,292
1209,17.27,0,1497,0.52,33.41,294
1210,15,0,1498,0.45,33.3,293
1210,15.23,0,1499,0.46,33.41,294
1211,14.77,0,1500,0.44,33.41,294
1212,15.45,0,1501,0.46,33.52,295
1214,15.45,0,1502,0.46,33.3,293
1214,16.7,0,1503,0.5,33.3,293
1217,16.14,0,1504,0.49,32.95,290
1218,18.41,0,1505,0.56,32.84,289
1220,18.52,0,1506,0.57,32.61,287
1221,22.73,0,1507,0.69,32.73,288
1222,24.2,0,1508,0.74,32.84,289
1222,25.91,0,1509,0.79,32.84,289
1223,23.52,0,1510,0.72,32.84,289
1223,25.23,0,1511,0.77,32.95,290
1223,23.64,0,1512,0.71,33.07,291
1223,22.95,0,1513,0.69,33.18,292
1223,21.02,0,1514,0.63,33.18,292
1223,20.23,0,1515,0.61,33.41,294
1223,17.84,0,1516,0.53,33.64,296
1223,17.39,0,1517,0.51,33.86,298
1223,16.02,0,1518,0.47,33.98,299
1223,16.7,0,1519,0.49,34.2,301
1225,16.48,0,1520,0.48,34.09,300
1225,16.25,0,1521,0.47,34.32,302
1226,17.16,0,1522,0.5,34.2,301
1228,16.93,0,1523,0.5,33.98,299
1230,17.61,0,1524,0.52,33.98,299
1232,18.52,0,1525,0.55,33.75,297
1234,18.41,0,1526,0.55,33.52,295
1236,19.77,0,1527,0.59,33.52,295
1238,21.02,0,1528,0.63,33.3,293
1238,22.05,0,1529,0.66,33.52,295
1238,21.59,0,1530,0.64,33.52,295
1238,20.57,0,1531,0.61,33.64,296
1238,20.57,0,1532,0.61,33.86,298
1238,20.68,0,1533,0.61,33.98,299
1238,20.57,0,1534,0.6,34.09,300
1238,19.66,0,1535,0.57,34.32,302
1238,17.39,0,1536,0.5,34.43,303
1238,18.41,0,1537,0.53,34.66,305
1238,15.91,0,1538,0.46,34.66,305
1239,15.68,0,1539,0.45,34.55,304
1239,16.14,0,1540,0.46,34.77,306
1242,16.48,0,1541,0.48,34.66,305
1244,15.91,0,1542,0.46,34.66,305
1244,17.73,0,1543,0.51,34.77,306
1247,18.41,0,1544,0.53,34.55,304
1247,21.14,0,1545,0.61,34.55,304
1249,20.57,0,1546,0.6,34.55,304
1251,22.84,0,1547,0.66,34.55,304
1251,25.91,0,1548,0.75,34.66,305
1252,26.82,0,1549,0.78,34.55,304
1253,25.57,0,1550,0.74,34.55,304
1253,25.57,0,1551,0.74,34.55,304
1253,24.89,0,1552,0.72,34.77,306
1253,23.18,1,1553,0.66,34.89,307
1253,23.18,1,1554,0.66,34.89,307
1253,21.59,2,1555,0.62,34.89,307
1253,19.77,4,1556,0.57,34.89,307
1253,19.66,6,1557,0.56,34.89,307
1253,18.18,7,1558,0.52,35,308
1255,16.02,6,1559,0.46,35,308
1255,18.18,8,1560,0.52,35,308
1257,17.73,8,1561,0.51,35,308
1257,19.43,8,1562,0.55,35.11,309
1260,19.55,7,1563,0.56,34.89,307
1263,20,8,1564,0.58,34.55,304
1265,20.8,9,1565,0.6,34.43,303
1267,22.05,10,1566,0.64,34.32,302
1269,22.95,12,1567,0.67,34.09,300
1271,23.41,11,1568,0.69,34.09,300
1272,24.09,11,1569,0.71,33.98,299
1272,23.98,10,1570,0.7,34.09,300
1272,24.2,10,1571,0.71,34.2,301
1272,23.07,10,1572,0.67,34.43,303
1272,23.07,11,1573,0.67,34.55,304
1272,22.27,13,1574,0.64,34.55,304
1272,21.36,11,1575,0.61,34.77,306
1272,19.09,9,1576,0.55,35,308
1272,17.73,8,1577,0.5,35.11,309
1272,17.5,8,1578,0.5,35.23,310
1273,15,9,1579,0.43,35.23,310
1274,17.05,11,1580,0.49,35.11,309
1276,16.48,10,1581,0.47,35.23,310
1279,15.91,10,1582,0.46,34.89,307
1280,15.68,10,1583,0.45,35,308
1281,17.05,11,1584,0.49,35,308
1283,17.61,11,1585,0.5,34.89,307
1283,19.66,13,1586,0.56,34.89,307
1285,19.55,15,1587,0.56,34.66,305
1285,22.27,15,1588,0.64,34.66,305
1286,25.11,16,1589,0.72,34.66,305
1286,24.32,13,1590,0.69,35,308
1286,24.66,14,1591,0.7,35.11,309
1286,23.98,14,1592,0.68,35.11,309
1286,22.61,15,1593,0.64,35.11,309
1286,23.41,15,1594,0.67,35.11,309
1286,21.36,16,1595,0.61,35.11,309
1286,20.45,18,1596,0.58,35.11,309
1286,18.41,17,1597,0.52,35.34,311
1286,18.3,17,1598,0.52,35.34,311
1288,17.16,16,1599,0.49,35.23,310
1288,17.16,17,1600,0.49,35.23,310
1290,17.16,18,1601,0.49,35,308
1292,16.7,20,1602,0.48,34.77,306
1292,17.5,20,1603,0.5,34.89,307
1295,17.05,18,1604,0.49,34.77,306
1297,17.73,18,1605,0.51,34.55,304
1298,20.23,17,1606,0.59,34.55,304
1300,20.23,17,1607,0.59,34.32,302
1301,21.7,17,1608,0.63,34.2,301
1301,23.52,16,1609,0.68,34.43,303
1301,22.73,15,1610,0.66,34.55,304
1301,22.05,17,1611,0.64,34.55,304
1301,21.25,19,1612,0.62,34.55,304
1301,20.45,18,1613,0.59,34.66,305
1301,21.48,19,1614,0.62,34.77,306
1301,20.68,19,1615,0.59,34.77,306
1301,20.45,20,1616,0.59,34.89,307
1301,19.43,19,1617,0.56,35,308
1301,18.18,19,1618,0.52,35.11,309
1301,17.95,19,1619,0.51,35.11,309
1303,16.25,20,1620,0.47,34.89,307
1303,16.82,21,1621,0.48,35,308
1306,17.16,22,1622,0.5,34.66,305
1307,16.93,23,1623,0.49,34.55,304
1309,18.07,23,1624,0.52,34.55,304
1311,20,23,1625,0.58,34.32,302
1314,21.02,23,1626,0.61,34.2,301
1315,21.36,22,1627,0.62,34.2,301
1315,24.2,24,1628,0.71,34.2,301
1315,25,24,1629,0.73,34.43,303
1315,24.32,25,1630,0.7,34.55,304
1315,25.57,24,1631,0.74,34.77,306
1315,24.43,24,1632,0.7,35,308
1315,23.52,24,1633,0.67,35.11,309
1315,23.3,26,1634,0.66,35.11,309
1315,22.27,26,1635,0.63,35.11,309
1315,20.23,26,1636,0.57,35.23,310
1315,18.18,24,1637,0.51,35.45,312
1315,17.61,23,1638,0.49,35.68,314
1315,17.5,23,1639,0.49,35.68,314
1319,17.27,21,1640,0.49,35.45,312
1320,17.61,22,1641,0.5,35.45,312
1323,17.27,24,1642,0.49,35.11,309
1323,19.55,24,1643,0.55,35.34,311
1326,19.2,24,1644,0.55,35,308
1328,19.55,23,1645,0.56,35,308
1330,20.34,23,1646,0.58,34.77,306
1330,22.27,23,1647,0.64,35,308
1331,23.41,22,1648,0.67,35,308
1332,24.43,23,1649,0.7,35,308
1332,24.09,24,1650,0.69,35,308
1332,23.75,23,1651,0.68,35.11,309
1332,23.07,23,1652,0.66,35.11,309
1332,21.7,25,1653,0.62,35.11,309
1332,20.91,23,1654,0.59,35.34,311
1332,20.34,22,1655,0.57,35.57,313
1332,18.86,22,1656,0.53,35.57,313
1332,15.8,20,1657,0.44,35.8,315
1333,16.25,22,1658,0.46,35.68,314
1334,15.45,21,1659,0.43,35.68,314
1334,15.68,21,1660,0.44,35.68,314
1335,16.82,22,1661,0.47,35.68,314
1336,17.05,22,1662,0.48,35.68,314
1339,18.64,23,1663,0.53,35.45,312
1340,18.07,24,1664,0.51,35.45,312
1341,19.89,26,1665,0.56,35.34,311
1344,20.68,25,1666,0.59,35.11,309
1345,21.93,26,1667,0.63,35,308
1347,22.84,26,1668,0.65,34.89,307
1347,25.57,27,1669,0.73,34.89,307
1348,22.5,25,1670,0.64,35,308
1348,23.86,27,1671,0.68,35,308
1348,23.98,28,1672,0.69,35,308
1348,21.48,29,1673,0.61,35,308
1348,22.16,29,1674,0.63,35,308
1348,21.02,29,1675,0.6,35.11,309
1348,18.3,28,1676,0.52,35.23,310
1348,17.05,30,1677,0.48,35.23,310
1348,17.39,31,1678,0.49,35.34,311
1349,16.59,31,1679,0.47,35.45,312
1351,15.23,31,1680,0.43,35.23,310
1353,15.45,30,1681,0.44,35.11,309
1354,17.39,31,1682,0.5,35.11,309
1356,18.07,32,1683,0.52,34.89,307
1358,18.86,34,1684,0.54,34.66,305
1359,19.2,33,1685,0.55,34.66,305
1360,21.36,34,1686,0.62,34.66,305
1362,21.02,34,1687,0.61,34.43,303
1363,23.86,34,1688,0.69,34.43,303
1363,25.23,34,1689,0.73,34.66,305
1364,23.52,33,1690,0.68,34.66,305
1364,23.52,32,1691,0.67,35,308
1364,23.86,31,1692,0.68,35.11,309
1364,21.59,30,1693,0.61,35.23,310
1364,22.95,28,1694,0.65,35.45,312
1364,22.39,28,1695,0.63,35.68,314
1364,21.48,28,1696,0.6,35.68,314
1364,18.75,28,1697,0.52,35.91,316
1364,17.61,27,1698,0.49,36.02,317
1365,18.75,29,1699,0.52,35.91,316
1367,15.57,30,1700,0.43,35.8,315
1368,17.16,31,1701,0.48,35.8,315
1370,17.27,29,1702,0.48,35.8,315
1372,19.32,29,1703,0.54,35.57,313
1375,19.55,29,1704,0.55,35.23,310
1376,20.57,30,1705,0.59,35.11,309
1378,21.25,30,1706,0.61,34.89,307
1380,22.84,30,1707,0.66,34.66,305
1380,24.09,30,1708,0.69,34.77,306
1380,26.25,30,1709,0.75,34.89,307
1380,26.36,31,1710,0.75,35,308
1381,22.84,32,1711,0.65,35,308
1381,25,34,1712,0.71,35,308
1381,24.09,34,1713,0.68,35.23,310
1381,21.14,34,1714,0.6,35.34,311
1381,20.45,35,1715,0.58,35.45,312
1381,21.02,35,1716,0.59,35.45,312
1381,17.05,32,1717,0.48,35.8,315
1382,17.5,34,1718,0.49,35.68,314
1382,17.39,36,1719,0.49,35.68,314
1384,16.7,36,1720,0.47,35.68,314
1386,17.5,38,1721,0.49,35.45,312
1388,17.95,35,1722,0.5,35.57,313
1389,18.07,35,1723,0.51,35.45,312
1390,20.57,35,1724,0.58,35.45,312
1392,21.48,36,1725,0.61,35.23,310
1394,22.61,37,1726,0.65,35,308
1398,23.3,37,1727,0.67,34.55,304
1398,23.86,37,1728,0.69,34.77,306
1399,27.39,37,1729,0.79,34.77,306
1399,25.34,36,1730,0.73,34.89,307
1399,26.25,37,1731,0.75,34.89,307
1399,23.86,36,1732,0.68,35.23,310
1399,22.39,37,1733,0.63,35.34,311
1399,21.59,39,1734,0.61,35.34,311
1399,21.25,41,1735,0.6,35.34,311
1399,18.41,40,1736,0.52,35.57,313
1399,17.95,41,1737,0.5,35.57,313
1399,18.3,41,1738,0.51,35.68,314
1401,16.36,42,1739,0.46,35.57,313
1403,16.7,43,1740,0.47,35.34,311
1404,18.75,45,1741,0.53,35.23,310
1406,18.64,43,1742,0.53,35.23,310
1408,16.82,45,1743,0.48,35,308
1408,20.57,47,1744,0.59,35,308
1412,20,45,1745,0.58,34.77,306
1412,22.73,45,1746,0.65,34.89,307
1414,23.3,46,1747,0.67,34.77,306
1414,25.23,47,1748,0.73,34.77,306
1414,26.59,47,1749,0.76,34.89,307
1414,25.23,47,1750,0.72,35,308
1414,25,49,1751,0.71,35,308
1414,25.23,46,1752,0.71,35.34,311
1414,23.86,46,1753,0.68,35.34,311
1414,22.73,46,1754,0.64,35.57,313
1414,22.39,47,1755,0.63,35.68,314
1414,20.45,46,1756,0.57,35.8,315
1414,19.89,46,1757,0.55,35.91,316
1414,19.32,48,1758,0.54,35.91,316
1415,18.98,47,1759,0.53,35.91,316
1417,18.3,45,1760,0.51,35.91,316
1419,17.05,45,1761,0.48,35.68,314
1420,18.07,45,1762,0.51,35.68,314
1423,18.64,46,1763,0.53,35.34,311
1423,20.23,45,1764,0.57,35.45,312
1426,21.02,47,1765,0.6,35.11,309
1427,24.09,46,1766,0.69,35.11,309
1428,25.34,44,1767,0.72,35.23,310
1430,24.43,45,1768,0.7,35.11,309
1432,25.34,45,1769,0.73,34.89,307
1432,26.25,43,1770,0.75,35.11,309
1433,25.34,43,1771,0.72,35.11,309
1433,25.11,41,1772,0.71,35.34,311
1433,22.61,41,1773,0.64,35.34,311
1433,21.93,41,1774,0.62,35.45,312
1433,20.91,40,1775,0.59,35.57,313
1433,19.09,40,1776,0.53,35.8,315
1433,18.18,40,1777,0.51,35.91,316
1433,16.7,41,1778,0.47,35.91,316
1435,17.39,42,1779,0.49,35.8,315
1435,18.3,42,1780,0.51,35.8,315
1438,19.77,40,1781,0.55,35.68,314
1438,19.2,39,1782,0.54,35.8,315
1441,19.2,40,1783,0.54,35.45,312
1444,20.91,41,1784,0.6,35.11,309
1445,22.84,42,1785,0.65,35.11,309
1447,22.95,43,1786,0.66,35,308
1449,23.18,43,1787,0.66,35,308
1450,24.89,43,1788,0.71,34.89,307
1451,26.02,45,1789,0.75,34.77,306
1451,25.11,46,1790,0.72,34.89,307
1451,25.57,46,1791,0.73,35,308
1451,25.91,47,1792,0.74,35,308
1451,24.89,49,1793,0.71,35,308
1451,24.55,50,1794,0.7,35.11,309
1451,21.7,52,1795,0.62,35.11,309
1451,19.55,54,1796,0.56,35.11,309
1451,19.43,53,1797,0.55,35.34,311
1451,18.98,54,1798,0.54,35.45,312
1452,18.98,55,1799,0.54,35.45,312
1455,17.16,56,1800,0.49,35.11,309
1456,17.5,54,1801,0.5,35.23,310
1457,19.89,55,1802,0.56,35.23,310
1459,21.48,57,1803,0.61,35,308
1461,22.05,58,1804,0.63,34.89,307
1462,23.52,59,1805,0.68,34.77,306
1465,23.98,59,1806,0.69,34.55,304
1467,23.64,61,1807,0.69,34.32,302
1469,25.68,60,1808,0.75,34.32,302
1470,25,60,1809,0.73,34.2,301
1470,24.32,61,1810,0.71,34.2,301
1471,24.09,61,1811,0.71,34.09,300
1471,22.73,60,1812,0.66,34.2,301
1471,23.98,61,1813,0.7,34.2,301
1471,22.95,62,1814,0.67,34.32,302
1471,20.68,61,1815,0.6,34.43,303
1471,20.11,59,1816,0.58,34.66,305
1471,18.64,60,1817,0.54,34.77,306
1471,18.64,61,1818,0.54,34.77,306
1471,17.16,61,1819,0.49,34.77,306
1474,18.41,60,1820,0.53,34.55,304
1476,17.61,60,1821,0.51,34.32,302
1477,18.3,58,1822,0.53,34.43,303
1478,19.09,58,1823,0.55,34.43,303
1480,20,58,1824,0.58,34.2,301
1482,20.8,60,1825,0.61,33.98,299
1483,20.68,58,1826,0.6,34.2,301
1485,24.09,59,1827,0.71,33.98,299
1487,23.52,59,1828,0.69,33.86,298
1487,25.68,59,1829,0.76,33.86,298
1487,24.66,60,1830,0.73,33.98,299
1487,26.36,60,1831,0.78,33.98,299
1487,25.8,60,1832,0.76,34.09,300
1487,24.43,58,1833,0.71,34.32,302
1487,23.07,58,1834,0.67,34.55,304
1487,22.61,58,1835,0.65,34.77,306
1487,20.11,56,1836,0.57,35,308
1487,18.52,56,1837,0.53,35.11,309
1487,19.32,55,1838,0.55,35.23,310
1489,17.5,56,1839,0.5,35.11,309
1490,17.05,56,1840,0.49,35,308
1493,15.34,55,1841,0.44,34.89,307
1494,16.93,57,1842,0.49,34.77,306
1496,17.5,56,1843,0.5,34.66,305
1499,17.39,58,1844,0.51,34.32,302
1500,20.8,60,1845,0.61,34.2,301
1502,21.82,59,1846,0.64,34.09,300
1503,22.95,61,1847,0.68,33.98,299
1503,25.23,60,1848,0.74,34.09,300
1503,27.73,61,1849,0.81,34.09,300
1503,25.23,60,1850,0.74,34.2,301
1503,26.36,59,1851,0.77,34.32,302
1503,23.98,59,1852,0.7,34.32,302
1503,23.98,59,1853,0.7,34.43,303
1503,21.25,58,1854,0.61,34.66,305
1503,21.48,60,1855,0.62,34.66,305
1503,19.32,59,1856,0.55,35,308
1503,18.98,61,1857,0.54,35,308
1503,18.52,63,1858,0.53,35,308
1505,17.61,64,1859,0.5,34.89,307
1506,17.84,64,1860,0.51,35,308
1506,17.84,65,1861,0.51,35.11,309
1508,19.2,64,1862,0.55,35,308
1510,19.43,63,1863,0.56,34.89,307
1513,20.11,64,1864,0.58,34.55,304
1514,21.82,62,1865,0.63,34.77,306
1516,23.52,62,1866,0.68,34.55,304
1519,23.75,61,1867,0.69,34.32,302
1520,23.18,60,1868,0.67,34.43,303
1520,25.45,62,1869,0.74,34.43,303
1520,26.14,62,1870,0.76,34.55,304
1520,24.77,62,1871,0.72,34.55,304
1520,26.25,61,1872,0.75,34.77,306
1520,23.41,60,1873,0.67,34.89,307
1520,24.43,60,1874,0.7,34.89,307
1520,23.18,62,1875,0.66,34.89,307
1520,20.45,62,1876,0.58,35,308
1520,17.84,62,1877,0.51,35.11,309
1520,18.3,62,1878,0.52,35.23,310
1522,17.61,63,1879,0.5,35,308
1522,19.32,65,1880,0.55,35,308
1525,18.07,67,1881,0.52,34.66,305
1525,18.3,68,1882,0.53,34.77,306
1528,17.5,68,1883,0.51,34.55,304
1529,18.64,69,1884,0.54,34.55,304
1531,19.32,68,1885,0.56,34.43,303
1533,21.14,67,1886,0.62,34.32,302
1536,21.02,67,1887,0.62,34.09,300
1537,22.95,66,1888,0.67,34.09,300
1537,26.48,64,1889,0.77,34.32,302
1538,25.68,62,1890,0.75,34.43,303
1538,24.09,61,1891,0.7,34.55,304
1538,24.43,59,1892,0.7,34.89,307
1538,22.73,58,1893,0.65,35,308
1538,21.36,59,1894,0.61,35.11,309
1538,20.57,57,1895,0.58,35.34,311
1538,18.52,58,1896,0.52,35.45,312
1538,18.86,58,1897,0.53,35.45,312
1538,19.32,58,1898,0.54,35.68,314
1539,17.16,57,1899,0.48,35.68,314
1541,16.36,58,1900,0.46,35.45,312
1541,16.7,58,1901,0.47,35.45,312
1542,19.09,58,1902,0.54,35.45,312
1543,20.23,57,1903,0.57,35.45,312
1546,19.66,56,1904,0.56,35.23,310
1548,20.8,55,1905,0.59,35.11,309
1551,20.34,57,1906,0.58,34.77,306
1551,23.98,58,1907,0.69,34.77,306
1553,24.77,59,1908,0.72,34.55,304
1553,26.25,58,1909,0.76,34.66,305
1553,26.48,58,1910,0.76,34.77,306
1553,24.77,59,1911,0.71,34.89,307
1553,24.2,61,1912,0.69,34.89,307
1553,22.39,62,1913,0.64,34.89,307
1553,20.57,62,1914,0.59,35.11,309
1553,20.34,62,1915,0.58,35.11,309
1553,19.77,62,1916,0.56,35.23,310
1553,18.64,60,1917,0.52,35.57,313
1553,18.18,61,1918,0.51,35.57,313
1555,17.05,59,1919,0.48,35.57,313
1555,17.5,60,1920,0.49,35.57,313
1557,18.07,57,1921,0.51,35.68,314
1559,18.98,57,1922,0.54,35.45,312
1561,19.32,53,1923,0.54,35.68,314
1563,18.98,54,1924,0.54,35.45,312
1563,22.84,55,1925,0.64,35.45,312
1565,22.27,55,1926,0.63,35.34,311
1568,22.05,55,1927,0.63,35.23,310
1568,24.32,55,1928,0.69,35.23,310
1571,26.48,56,1929,0.76,34.89,307
1571,24.43,54,1930,0.7,35.11,309
1571,24.89,54,1931,0.71,35.11,309
1571,23.86,53,1932,0.68,35.34,311
1571,22.39,52,1933,0.63,35.45,312
1571,20.91,52,1934,0.59,35.45,312
1571,20.57,52,1935,0.58,35.57,313
1571,19.32,54,1936,0.54,35.57,313
1571,19.2,52,1937,0.54,35.8,315
1571,17.5,51,1938,0.49,35.91,316
1573,17.16,53,1939,0.48,35.68,314
1573,17.95,53,1940,0.5,35.8,315
1576,17.05,53,1941,0.48,35.45,312
1578,16.25,54,1942,0.46,35.34,311
1580,17.27,54,1943,0.49,35.11,309
1580,20.34,55,1944,0.58,35.23,310
1582,20.68,55,1945,0.59,35,308
1585,20.91,56,1946,0.6,34.77,306
1587,23.18,55,1947,0.67,34.66,305
1587,24.77,56,1948,0.71,34.66,305
1588,26.36,57,1949,0.76,34.66,305
1588,25.91,58,1950,0.75,34.66,305
1588,25.68,58,1951,0.74,34.77,306
1588,24.55,59,1952,0.7,34.89,307
1588,23.75,57,1953,0.68,35.11,309
1588,22.95,57,1954,0.65,35.23,310
1588,22.27,56,1955,0.63,35.34,311
1588,20.68,58,1956,0.59,35.34,311
1588,19.77,59,1957,0.56,35.34,311
1589,18.86,58,1958,0.53,35.45,312
1590,17.5,59,1959,0.49,35.45,312
1592,17.16,59,1960,0.49,35.34,311
1595,16.82,59,1961,0.48,35.11,309
1595,17.39,59,1962,0.49,35.34,311
1599,16.7,59,1963,0.48,34.89,307
1599,18.3,60,1964,0.52,34.89,307
1601,19.32,61,1965,0.56,34.77,306
1603,19.43,61,1966,0.56,34.55,304
1605,19.77,59,1967,0.57,34.55,304
1605,22.16,60,1968,0.64,34.55,304
1605,23.52,60,1969,0.68,34.55,304
1605,23.52,57,1970,0.67,34.89,307
1605,24.32,57,1971,0.69,35,308
1605,21.93,58,1972,0.62,35.11,309
1605,22.73,58,1973,0.65,35.23,310
1605,20.57,59,1974,0.58,35.23,310
1605,19.55,60,1975,0.55,35.23,310
1605,19.77,60,1976,0.56,35.34,311
1605,19.2,59,1977,0.54,35.45,312
1605,17.61,57,1978,0.49,35.8,315
1605,17.95,59,1979,0.5,35.8,315
1607,16.59,58,1980,0.46,35.68,314
1608,16.93,57,1981,0.47,35.68,314
1610,17.61,56,1982,0.5,35.57,313
1611,18.18,56,1983,0.51,35.68,314
1613,19.43,57,1984,0.55,35.57,313
1616,20.23,56,1985,0.57,35.34,311
1617,21.7,56,1986,0.62,35.23,310
1619,22.16,56,1987,0.63,35.23,310
1620,23.41,57,1988,0.66,35.23,310
1620,24.43,58,1989,0.69,35.23,310
1620,25.11,58,1990,0.71,35.34,311
1620,23.64,59,1991,0.67,35.34,311
1620,23.41,58,1992,0.66,35.45,312
1621,23.3,58,1993,0.66,35.45,312
1621,21.36,58,1994,0.6,35.68,314
1621,21.82,58,1995,0.61,35.68,314
1621,19.43,59,1996,0.54,35.68,314
1621,18.41,60,1997,0.52,35.68,314
1621,16.59,60,1998,0.46,35.68,314
1623,17.16,61,1999,0.48,35.45,312
1625,16.82,59,2000,0.47,35.57,313
1625,16.36,58,2001,0.46,35.68,314
1626,17.39,60,2002,0.49,35.57,313
1629,17.61,59,2003,0.5,35.34,311
1630,17.95,60,2004,0.51,35.34,311
1631,21.82,59,2005,0.62,35.34,311
1633,22.61,58,2006,0.64,35.23,310
1635,24.09,59,2007,0.69,35.11,309
1636,25.57,59,2008,0.73,35.11,309
1637,26.82,59,2009,0.76,35.11,309
1637,26.93,58,2010,0.76,35.23,310
1637,25.23,60,2011,0.72,35.23,310
1637,25,60,2012,0.71,35.34,311
1637,23.64,61,2013,0.67,35.34,311
1637,21.82,61,2014,0.62,35.45,312
1637,21.02,61,2015,0.59,35.57,313
1637,18.3,62,2016,0.51,35.57,313
1637,18.86,62,2017,0.53,35.68,314
1637,18.52,62,2018,0.52,35.68,314
1638,18.3,60,2019,0.51,35.8,315
1640,16.7,58,2020,0.47,35.8,315
1642,15.91,59,2021,0.45,35.57,313
1643,17.27,59,2022,0.48,35.68,314
1645,18.07,59,2023,0.51,35.57,313
1646,19.89,61,2024,0.56,35.45,312
1647,20,62,2025,0.56,35.45,312
1649,21.93,62,2026,0.62,35.23,310
1651,22.73,63,2027,0.65,35,308
1653,23.64,63,2028,0.68,34.77,306
1653,25.34,61,2029,0.72,35.11,309
1653,25.23,61,2030,0.72,35.23,310
1653,24.43,60,2031,0.69,35.34,311
1653,23.3,58,2032,0.65,35.57,313
1653,22.61,57,2033,0.63,35.8,315
1653,23.64,57,2034,0.66,35.91,316
1653,22.39,57,2035,0.62,36.14,318
1653,21.14,58,2036,0.58,36.25,319
1653,18.07,59,2037,0.5,36.25,319
1653,18.75,61,2038,0.52,36.25,319
1654,18.41,61,2039,0.51,36.25,319
1655,19.43,62,2040,0.54,36.25,319
1659,17.05,62,2041,0.48,35.8,315
1662,15.8,64,2042,0.45,35.45,312
1662,17.5,65,2043,0.49,35.57,313
1664,17.5,65,2044,0.49,35.45,312
1666,18.75,65,2045,0.53,35.34,311
1667,20.34,66,2046,0.58,35.23,310
1669,22.16,65,2047,0.63,35.11,309
1670,22.95,66,2048,0.66,35,308
1670,23.75,65,2049,0.67,35.34,311
1670,23.75,66,2050,0.67,35.45,312
1670,23.41,65,2051,0.66,35.57,313
1670,23.75,66,2052,0.67,35.68,314
1670,23.98,68,2053,0.67,35.68,314
1670,22.95,67,2054,0.64,35.91,316
1670,23.18,66,2055,0.64,36.02,317
1670,20.57,66,2056,0.57,36.02,317
1670,20.57,67,2057,0.57,36.14,318
1671,17.61,65,2058,0.49,36.25,319
1671,15.91,66,2059,0.44,36.25,319
1673,17.16,67,2060,0.47,36.14,318
1675,17.16,67,2061,0.48,35.91,316
1679,16.93,68,2062,0.48,35.45,312
1679,18.98,69,2063,0.54,35.45,312
1681,19.66,66,2064,0.55,35.57,313
1683,20.34,68,2065,0.58,35.34,311
1686,22.16,68,2066,0.63,35.11,309
1687,23.75,69,2067,0.68,35,308
1687,25.91,68,2068,0.74,35.23,310
1688,26.36,69,2069,0.75,35.23,310
1688,24.77,67,2070,0.7,35.45,312
1688,25.8,67,2071,0.73,35.57,313
1688,23.41,66,2072,0.66,35.68,314
1688,22.61,65,2073,0.63,35.8,315
1688,21.02,66,2074,0.59,35.91,316
1688,20.68,66,2075,0.58,35.91,316
1688,20.68,65,2076,0.57,36.02,317
1688,18.52,65,2077,0.51,36.02,317
1689,17.95,65,2078,0.5,36.02,317
1690,16.93,66,2079,0.47,35.91,316
1692,18.07,65,2080,0.5,35.8,315
1692,17.73,65,2081,0.49,36.02,317
1694,17.95,64,2082,0.5,35.91,316
1696,18.64,64,2083,0.52,35.8,315
1697,20.68,63,2084,0.58,35.8,315
1700,20.23,64,2085,0.57,35.57,313
1702,21.59,65,2086,0.61,35.45,312
1703,22.27,66,2087,0.63,35.45,312
1704,24.09,66,2088,0.68,35.45,312
1704,26.14,67,2089,0.73,35.57,313
1704,23.07,67,2090,0.65,35.57,313
1704,23.3,67,2091,0.65,35.57,313
1704,22.27,67,2092,0.63,35.57,313
1704,22.39,68,2093,0.63,35.57,313
1704,22.05,68,2094,0.62,35.57,313
1704,22.27,68,2095,0.62,35.68,314
1704,19.2,70,2096,0.54,35.68,314
1704,18.75,70,2097,0.52,35.8,315
1704,18.07,71,2098,0.5,35.8,315
1705,18.52,70,2099,0.52,35.8,315
1705,18.75,70,2100,0.52,36.02,317
1709,17.27,69,2101,0.48,35.68,314
1710,18.41,69,2102,0.52,35.57,313
1712,17.95,70,2103,0.51,35.34,311
1714,20.34,71,2104,0.58,35.23,310
1715,21.36,72,2105,0.61,35.23,310
1717,23.18,72,2106,0.66,35.11,309
1720,24.66,72,2107,0.7,35,308
1720,25.45,73,2108,0.72,35.11,309
1721,26.48,73,2109,0.75,35.11,309
1721,26.7,73,2110,0.76,35.34,311
1721,25.68,73,2111,0.72,35.57,313
1721,24.89,72,2112,0.7,35.68,314
1721,21.48,72,2113,0.6,35.68,314
1721,21.7,71,2114,0.61,35.8,315
1721,23.64,72,2115,0.66,35.91,316
1721,22.73,72,2116,0.63,35.91,316
1721,20.23,71,2117,0.56,36.14,318
1722,19.89,72,2118,0.55,36.14,318
1724,18.75,71,2119,0.52,36.02,317
1725,17.95,71,2120,0.5,36.02,317
1725,18.52,70,2121,0.51,36.25,319
1729,18.41,70,2122,0.51,35.91,316
1730,19.55,70,2123,0.55,35.8,315
1731,20.34,70,2124,0.57,35.8,315
1734,21.93,70,2125,0.62,35.45,312
1736,25,71,2126,0.71,35.23,310
1738,25.23,70,2127,0.72,35.23,310
1738,27.73,71,2128,0.79,35.23,310
1740,27.39,70,2129,0.78,35.23,310
1740,26.36,71,2130,0.75,35.34,311
1740,25.57,70,2131,0.72,35.45,312
1740,26.36,70,2132,0.74,35.57,313
1740,25.57,72,2133,0.72,35.57,313
1740,23.64,69,2134,0.66,35.91,316
1740,22.16,71,2135,0.62,35.91,316
1740,20.91,70,2136,0.58,36.02,317
1740,20.45,70,2137,0.57,36.14,318
1740,20.34,70,2138,0.56,36.14,318
1743,18.07,69,2139,0.5,36.02,317
1744,19.66,69,2140,0.55,35.91,316
1745,17.84,68,2141,0.5,36.02,317
1748,16.59,68,2142,0.46,35.8,315
1750,17.39,68,2143,0.49,35.68,314
1751,18.75,70,2144,0.53,35.57,313
1754,18.64,70,2145,0.53,35.23,310
1755,20.8,70,2146,0.59,35.34,311
1757,21.59,72,2147,0.61,35.11,309
1758,23.75,70,2148,0.67,35.23,310
1758,24.77,70,2149,0.7,35.23,310
1758,24.09,69,2150,0.68,35.34,311
1758,24.2,68,2151,0.68,35.57,313
1758,23.75,69,2152,0.67,35.57,313
1758,23.18,71,2153,0.65,35.57,313
1758,21.25,73,2154,0.6,35.57,313
1758,21.93,73,2155,0.62,35.57,313
1758,20,73,2156,0.56,35.8,315
1758,18.64,72,2157,0.52,36.02,317
1758,19.32,72,2158,0.54,36.02,317
1758,18.86,74,2159,0.52,36.02,317
1760,17.05,76,2160,0.48,35.8,315
1761,18.75,76,2161,0.52,35.8,315
1764,18.75,75,2162,0.53,35.57,313
1764,21.82,77,2163,0.61,35.57,313
1767,22.39,77,2164,0.64,35.23,310
1768,23.75,76,2165,0.67,35.23,310
1772,22.73,75,2166,0.65,34.89,307
1773,24.09,72,2167,0.69,35.11,309
1775,25.45,73,2168,0.73,35,308
1775,25.91,74,2169,0.74,35.11,309
1775,26.14,75,2170,0.74,35.11,309
1775,25,76,2171,0.71,35.23,310
1775,24.2,74,2172,0.68,35.45,312
1775,23.98,75,2173,0.68,35.45,312
1775,23.18,74,2174,0.65,35.68,314
1775,22.5,74,2175,0.63,35.8,315
1775,21.25,75,2176,0.59,35.91,316
1775,19.89,74,2177,0.55,36.14,318
1776,19.43,76,2178,0.54,36.02,317
1779,17.39,76,2179,0.49,35.8,315
1781,17.73,78,2180,0.5,35.57,313
1782,18.75,78,2181,0.53,35.45,312
1783,17.95,79,2182,0.51,35.45,312
1786,18.41,80,2183,0.52,35.11,309
1787,20,80,2184,0.57,35,308
1788,21.02,80,2185,0.6,35.11,309
1789,21.7,82,2186,0.62,35,308
1790,24.66,83,2187,0.71,34.89,307
1791,24.55,85,2188,0.71,34.77,306
1792,26.93,85,2189,0.78,34.66,305
1793,25.45,86,2190,0.73,34.66,305
1793,23.64,87,2191,0.68,34.66,305
1793,23.52,88,2192,0.68,34.66,305
1793,23.07,88,2193,0.67,34.66,305
1793,22.84,89,2194,0.66,34.77,306
1793,19.77,89,2195,0.56,35,308
1793,20.57,89,2196,0.59,35,308
1793,19.55,89,2197,0.56,35.11,309
1793,19.43,89,2198,0.55,35.11,309
1794,18.98,89,2199,0.54,35,308
1795,19.2,88,2200,0.55,35.23,310
1798,18.41,89,2201,0.53,34.89,307
1800,18.18,88,2202,0.52,34.77,306
1801,18.75,90,2203,0.54,34.66,305
1804,19.66,90,2204,0.57,34.43,303
1807,20.23,88,2205,0.59,34.32,302
1808,21.25,86,2206,0.62,34.43,303
1808,22.73,88,2207,0.66,34.43,303
1809,24.89,88,2208,0.72,34.55,304
1809,26.25,88,2209,0.76,34.55,304
1809,26.14,87,2210,0.75,34.66,305
1809,26.93,88,2211,0.77,34.77,306
1809,26.25,89,2212,0.75,34.77,306
1809,24.66,89,2213,0.71,34.77,306
1809,22.39,91,2214,0.64,34.77,306
1809,21.02,93,2215,0.6,34.77,306
1809,20.57,93,2216,0.59,35,308
1809,20.68,94,2217,0.59,35.11,309
1809,20.34,92,2218,0.58,35.34,311
1812,16.93,91,2219,0.48,35.11,309
1814,17.84,89,2220,0.51,35.11,309
1814,19.89,91,2221,0.57,35.11,309
1816,19.09,91,2222,0.55,35,308
1817,20.45,92,2223,0.58,35,308
1820,20.23,92,2224,0.58,34.77,306
1822,20.8,90,2225,0.6,34.77,306
1824,21.25,88,2226,0.61,34.77,306
1826,21.48,86,2227,0.62,34.77,306
1828,22.61,86,2228,0.65,34.66,305
1828,22.84,84,2229,0.65,34.89,307
1828,24.09,84,2230,0.69,34.89,307
1828,24.43,85,2231,0.7,34.89,307
1828,25.91,86,2232,0.74,35,308
1828,23.98,87,2233,0.68,35.11,309
1828,22.39,86,2234,0.63,35.34,311
1828,23.07,84,2235,0.65,35.57,313
1828,20.57,85,2236,0.58,35.57,313
1828,17.84,86,2237,0.5,35.57,313
1828,17.61,87,2238,0.49,35.68,314
1832,15,87,2239,0.42,35.34,311
1833,15.91,87,2240,0.45,35.34,311
1833,17.27,88,2241,0.49,35.45,312
1837,17.5,86,2242,0.5,35.23,310
1838,17.61,86,2243,0.5,35.11,309
1838,19.55,83,2244,0.55,35.45,312
1840,19.32,84,2245,0.55,35.23,310
1842,21.59,86,2246,0.62,35,308
1842,23.07,83,2247,0.65,35.34,311
1845,25,85,2248,0.71,35,308
1846,25.91,86,2249,0.74,34.89,307
1846,25.8,87,2250,0.74,35,308
1846,23.41,85,2251,0.66,35.34,311
1846,25.57,85,2252,0.72,35.34,311
1846,24.32,84,2253,0.68,35.57,313
1846,21.82,84,2254,0.61,35.68,314
1846,19.09,86,2255,0.54,35.68,314
1846,19.55,88,2256,0.55,35.68,314
1846,18.75,88,2257,0.53,35.68,314
1847,16.14,87,2258,0.45,35.8,315
1848,16.14,89,2259,0.45,35.68,314
1851,16.48,88,2260,0.46,35.45,312
1851,17.95,88,2261,0.5,35.68,314
1852,19.55,87,2262,0.55,35.68,314
1853,19.43,87,2263,0.54,35.68,314
1855,18.98,88,2264,0.53,35.57,313
1857,20.68,90,2265,0.59,35.34,311
1858,22.39,90,2266,0.63,35.34,311
1862,23.41,91,2267,0.67,34.89,307
1863,23.41,89,2268,0.67,35,308
1863,26.82,87,2269,0.76,35.23,310
1863,24.66,86,2270,0.7,35.34,311
1863,24.89,88,2271,0.7,35.34,311
1863,25.91,88,2272,0.73,35.34,311
1863,25.68,89,2273,0.73,35.34,311
1863,23.75,89,2274,0.67,35.57,313
1863,23.41,89,2275,0.66,35.57,313
1863,21.48,87,2276,0.6,35.8,315
1863,21.7,89,2277,0.61,35.8,315
1863,20.45,89,2278,0.57,36.02,317
1866,18.41,89,2279,0.51,35.8,315
1867,17.27,88,2280,0.48,35.8,315
1869,17.61,88,2281,0.49,35.68,314
1869,17.73,88,2282,0.49,35.91,316
1873,18.52,90,2283,0.52,35.45,312
1875,19.32,91,2284,0.55,35.34,311
1877,19.2,90,2285,0.55,35.23,310
1879,21.02,92,2286,0.6,35,308
1881,22.16,92,2287,0.64,34.89,307
1881,24.32,90,2288,0.69,35.11,309
1881,25.45,91,2289,0.72,35.11,309
1881,25.45,92,2290,0.72,35.23,310
1881,23.98,90,2291,0.68,35.45,312
1881,23.64,92,2292,0.67,35.45,312
1881,25.45,92,2293,0.72,35.57,313
1881,23.75,94,2294,0.67,35.57,313
1881,23.41,92,2295,0.65,35.8,315
1881,22.95,93,2296,0.64,35.8,315
1881,20.8,93,2297,0.58,35.91,316
1881,19.43,94,2298,0.54,36.02,317
1883,18.3,94,2299,0.51,35.91,316
1883,18.18,96,2300,0.51,35.91,316
1884,18.64,96,2301,0.52,36.02,317
1886,18.3,98,2302,0.51,35.8,315
1888,20.23,98,2303,0.57,35.8,315
1891,19.77,100,2304,0.56,35.45,312
1894,20,100,2305,0.57,35.23,310
1896,19.43,100,2306,0.56,35,308
1897,19.32,102,2307,0.55,34.89,307
1899,19.77,104,2308,0.57,34.66,305
1900,22.05,102,2309,0.63,34.89,307
1900,22.84,103,2310,0.65,34.89,307
1900,23.64,102,2311,0.68,35,308
1900,23.64,102,2312,0.67,35.11,309
1900,23.98,103,2313,0.68,35.23,310
1900,23.3,104,2314,0.66,35.34,311
1900,20.91,104,2315,0.59,35.34,311
1900,19.43,105,2316,0.55,35.34,311
1900,20.68,104,2317,0.58,35.45,312
1900,17.61,104,2318,0.5,35.45,312
1900,17.05,103,2319,0.48,35.68,314
1901,17.95,104,2320,0.5,35.68,314
1903,18.3,103,2321,0.51,35.68,314
1905,17.84,103,2322,0.5,35.68,314
1905,19.66,104,2323,0.55,35.68,314
1907,21.48,103,2324,0.6,35.57,313
1908,22.5,103,2325,0.63,35.68,314
1911,22.39,103,2326,0.63,35.45,312
1912,24.32,103,2327,0.69,35.45,312
1914,25.91,101,2328,0.73,35.57,313
1915,23.86,102,2329,0.67,35.57,313
1915,25.11,102,2330,0.71,35.57,313
1915,24.2,101,2331,0.68,35.68,314
1915,23.3,101,2332,0.65,35.68,314
1915,24.66,101,2333,0.69,35.68,314
1915,22.39,101,2334,0.62,35.91,316
1915,22.27,103,2335,0.62,35.91,316
1915,20,102,2336,0.56,36.02,317
1915,17.95,103,2337,0.5,36.14,318
1916,17.27,104,2338,0.48,36.02,317
1916,19.66,104,2339,0.55,36.02,317
1919,18.64,106,2340,0.52,35.68,314
1922,17.95,106,2341,0.51,35.45,312
1923,18.52,106,2342,0.52,35.34,311
1923,20.23,106,2343,0.57,35.57,313
1926,20.8,105,2344,0.59,35.34,311
1928,22.5,107,2345,0.64,35.11,309
1930,22.73,108,2346,0.65,34.89,307
1932,21.48,108,2347,0.62,34.89,307
1933,23.07,108,2348,0.66,34.77,306
1933,26.02,109,2349,0.75,34.77,306
1933,26.14,111,2350,0.75,34.77,306
1933,26.02,112,2351,0.75,34.89,307
1933,24.89,113,2352,0.71,35,308
1933,24.43,114,2353,0.7,35,308
1933,22.95,113,2354,0.65,35.11,309
1933,23.41,112,2355,0.66,35.23,310
1933,20.91,111,2356,0.59,35.34,311
1933,19.32,111,2357,0.54,35.57,313
1933,18.18,112,2358,0.51,35.68,314
1935,17.5,114,2359,0.49,35.45,312
1937,17.39,116,2360,0.49,35.23,310
1938,18.64,115,2361,0.53,35.23,310
1940,18.75,115,2362,0.53,35.11,309
1941,19.09,116,2363,0.55,35,308
1943,20.91,116,2364,0.6,35,308
1946,20.11,117,2365,0.58,34.77,306
1947,21.14,118,2366,0.61,34.66,305
1950,21.59,117,2367,0.63,34.43,303
1950,22.61,115,2368,0.65,34.66,305
1951,23.75,116,2369,0.69,34.55,304
1951,23.75,117,2370,0.69,34.66,305
1951,25.11,118,2371,0.72,34.66,305
1951,22.27,117,2372,0.64,34.89,307
1951,22.5,118,2373,0.64,35,308
1951,22.16,119,2374,0.63,35,308
1951,20,120,2375,0.57,35,308
1951,19.55,120,2376,0.56,35,308
1951,17.05,120,2377,0.49,35,308
1951,16.48,119,2378,0.47,35.34,311
1951,16.02,119,2379,0.45,35.45,312
1954,16.02,119,2380,0.46,35.11,309
1954,16.48,120,2381,0.47,35.23,310
1956,15.8,121,2382,0.45,35,308
1958,17.05,120,2383,0.49,35,308
1958,18.07,121,2384,0.52,35,308
1960,19.43,122,2385,0.56,34.89,307
1961,19.09,121,2386,0.55,34.89,307
1961,22.73,120,2387,0.65,35,308
1962,23.52,120,2388,0.67,35,308
1963,24.43,121,2389,0.7,34.89,307
1963,22.73,121,2390,0.65,34.89,307
1963,22.84,118,2391,0.65,35.23,310
1963,23.41,117,2392,0.66,35.34,311
1963,23.18,116,2393,0.65,35.45,312
1963,20.23,118,2394,0.57,35.45,312
1963,19.77,118,2395,0.56,35.45,312
1963,17.73,120,2396,0.5,35.45,312
1963,16.59,119,2397,0.47,35.57,313
1963,16.59,119,2398,0.47,35.57,313
1964,16.93,120,2399,0.48,35.45,312
