Date,AAPL.Open,AAPL.High,AAPL.Low,AAPL.Close,AAPL.Volume,AAPL.Adjusted,dn,mavg,up,direction
2018-10-30,127.489998,128.880005,126.91999799999999,127.83000200000001,63152400,122.905254,106.7410523,117.9276669,129.1142814,Increasing
2018-10-29,127.629997,128.779999,127.449997,128.720001,44891700,123.76096499999998,107.842423,118.9403335,130.0382439,Increasing
2018-10-28,128.479996,129.029999,128.330002,128.449997,37362400,123.50136299999998,108.8942449,119.88916680000001,130.8840887,Decreasing
2018-10-27,128.619995,129.5,128.050003,129.5,48948400,124.51091399999999,109.78544939999999,120.76350009999999,131.74155090000002,Increasing
2018-10-26,130.020004,133.0,129.66000400000001,133.0,70974100,127.876074,110.3725162,121.7201668,133.06781740000002,Increasing
2018-10-25,132.940002,133.600006,131.169998,132.169998,69228100,127.078049,111.0948689,122.6648335,134.23479809999998,Decreasing
2018-10-24,131.559998,131.600006,128.149994,128.78999299999998,74711700,123.82826100000001,113.2119183,123.62966670000002,134.0474151,Decreasing
2018-10-23,128.78999299999998,130.869995,126.610001,130.419998,91287500,125.39546899999999,114.1652991,124.28233329999999,134.39936740000002,Increasing
2018-10-22,130.0,130.570007,128.240005,128.46000700000002,62014800,123.51098700000001,114.96684840000002,124.8426669,134.7184854,Decreasing
2018-10-21,129.25,130.279999,128.300003,129.08999599999999,48096700,124.11670600000001,115.87709040000001,125.40366680000001,134.93024319999998,Decreasing
2018-10-20,128.96000700000002,129.520004,128.08999599999999,129.360001,37816300,124.37630800000001,116.9535132,125.9551669,134.95682050000002,Increasing
2018-10-19,129.100006,129.559998,128.320007,128.53999299999998,31666300,123.587892,118.0874253,126.47300020000002,134.8585751,Decreasing
2018-10-18,128.580002,128.75,125.760002,126.410004,56517100,121.53996200000002,119.1048311,126.84866699999999,134.5925029,Decreasing
2018-10-17,128.399994,129.369995,126.260002,126.599998,72842100,121.722637,120.190797,127.2288335,134.26686999999998,Decreasing
2018-10-16,127.959999,129.570007,125.059998,127.139999,88528500,122.24183400000001,121.6289771,127.63116699999999,133.6333568,Decreasing
2018-10-15,126.410004,127.220001,123.800003,124.510002,68856600,119.71316000000002,123.1164763,127.9235004,132.7305246,Decreasing
2018-10-14,124.75,124.769997,122.110001,122.239998,68939000,117.53060900000001,123.59275600000001,128.0033337,132.4139113,Decreasing
2018-10-13,122.309998,124.900002,121.629997,124.449997,48362700,119.65546599999999,123.48945590000001,127.98133370000001,132.4732114,Increasing
2018-10-12,124.400002,125.400002,122.58000200000001,123.589996,51827300,118.828598,123.045606,127.8490003,132.6523946,Decreasing
2018-10-11,123.879997,124.949997,122.870003,124.949997,35874300,120.13620300000001,122.69670159999998,127.72833349999999,132.7599655,Increasing
2018-10-10,125.900002,127.32,125.650002,127.040001,51023100,122.14568799999999,122.616033,127.66800020000001,132.7199674,Increasing
2018-10-09,127.0,129.16000400000001,126.370003,128.470001,65270900,123.520597,122.6064498,127.65216699999999,132.6978842,Increasing
2018-10-08,128.75,129.25,127.400002,127.5,45809500,122.587966,122.5939029,127.6245004,132.65509790000002,Decreasing
2018-10-07,128.25,128.399994,125.160004,125.900002,68695100,121.049608,122.4865925,127.4980004,132.5094083,Decreasing
2018-10-06,127.120003,127.849998,126.519997,127.209999,37709700,122.309137,122.6741703,127.2633335,131.85249679999998,Increasing
2018-10-05,127.230003,128.03999299999998,126.559998,126.690002,32842300,121.809174,123.04101829999999,127.00250009999999,130.9639818,Decreasing
2018-10-04,126.540001,126.82,123.379997,123.379997,51655200,118.62668899999998,122.8276392,126.75316670000001,130.6786943,Decreasing
2018-10-03,122.760002,124.879997,122.599998,124.239998,47572900,119.453558,122.5538523,126.48350009999999,130.4131478,Increasing
2018-10-02,124.57,124.699997,122.910004,123.25,39546200,118.5017,122.2826504,126.20999979999999,130.1373491,Decreasing
2018-10-01,124.050003,126.400002,124.0,126.370003,47099700,121.501502,122.346906,126.02833319999999,129.7097604,Increasing
2018-09-30,126.089996,126.489998,124.360001,124.43,42090600,119.63623999999999,122.395242,125.83349979999998,129.2717577,Decreasing
2018-09-29,124.82,125.120003,123.099998,124.25,40621400,119.463174,122.3761274,125.6009999,128.8258723,Decreasing
2018-09-28,125.029999,125.559998,124.190002,125.32,32220100,120.491951,122.3330336,125.50349979999999,128.67396599999998,Increasing
2018-09-27,124.470001,127.510002,124.33000200000001,127.349998,37194000,122.443743,122.374816,125.4528332,128.53085049999999,Increasing
2018-09-26,127.639999,128.119995,125.980003,126.010002,35012300,121.155371,122.4030622,125.4251665,128.44727079999998,Decreasing
2018-09-25,125.849998,126.400002,124.970001,125.599998,37329200,120.76116299999998,122.4277133,125.44916640000001,128.4706195,Decreasing
2018-09-24,125.849998,126.58000200000001,124.660004,126.559998,32484000,121.684177,122.77753590000002,125.59383319999999,128.41013049999998,Increasing
2018-09-23,125.949997,127.209999,125.260002,127.099998,40188000,122.203374,123.03989140000002,125.7369999,128.4341085,Increasing
2018-09-22,128.369995,128.570007,126.610001,126.849998,36365100,121.96300600000001,123.272819,125.9113334,128.5498477,Decreasing
2018-09-21,127.0,127.290001,125.910004,126.300003,25524600,121.43419899999999,123.48713400000001,126.02350020000002,128.5598665,Decreasing
2018-09-20,126.410004,127.129997,126.010002,126.779999,28970400,121.895703,123.4871301,126.0220001,128.5568702,Increasing
2018-09-19,126.279999,127.099998,126.110001,126.16999799999999,28369000,121.309203,123.5664037,125.945,128.3235962,Decreasing
2018-09-18,125.550003,126.139999,124.459999,124.75,51957000,119.94391100000001,123.60226920000001,125.79833319999999,127.9943973,Decreasing
2018-09-17,125.57,128.119995,125.16999799999999,127.599998,47054300,122.68411200000001,123.58674509999999,125.82216640000001,128.0575877,Increasing
2018-09-16,128.100006,128.199997,126.66999799999999,126.910004,32435100,122.020699,123.58172659999998,125.82549979999999,128.069273,Decreasing
2018-09-15,126.989998,128.869995,126.32,128.619995,37654500,123.66481200000001,123.50197820000001,125.86749979999999,128.2330214,Increasing
2018-09-14,128.300003,130.419998,128.139999,129.669998,45770900,124.67436299999999,123.3716821,126.1116665,128.8516508,Increasing
2018-09-13,130.490005,130.630005,129.229996,130.279999,44525900,125.26086299999999,123.37647050000001,126.4186666,129.46086259999998,Decreasing
2018-09-12,132.309998,133.130005,131.149994,132.649994,96954200,127.539552,123.128271,126.8531664,130.5780619,Increasing
2018-09-11,134.46000700000002,134.53999299999998,129.570007,130.559998,118924000,125.530074,122.95336909999999,127.1514997,131.3496302,Decreasing
2018-09-10,130.16000400000001,131.58999599999999,128.300003,128.639999,63386100,123.684046,123.165847,127.37233300000001,131.57881899999998,Decreasing
2018-09-09,128.639999,128.639999,124.58000200000001,125.150002,83195400,120.328503,123.4832179,127.47066629999999,131.4581147,Decreasing
2018-09-08,126.099998,130.130005,125.300003,128.949997,58512600,123.9821,123.79286850000001,127.6258331,131.4587977,Increasing
2018-09-07,129.5,130.570007,128.259995,128.699997,50988300,123.74173200000001,123.9186426,127.76483300000001,131.61102350000002,Decreasing
2018-09-06,128.149994,128.449997,125.779999,125.800003,49271400,120.95346200000002,123.91582,127.7634997,131.6111794,Decreasing
2018-09-05,126.559998,126.75,123.360001,125.010002,72141000,120.19389699999999,123.8088193,127.73266640000001,131.6565135,Decreasing
2018-09-04,124.769997,126.08000200000001,124.019997,125.260002,43940900,120.93733,123.6785663,127.6919997,131.705433,Increasing
2018-09-03,126.68,127.620003,126.110001,127.620003,55550400,123.21588799999999,123.7345408,127.7216665,131.7087922,Increasing
2018-09-02,127.389999,127.559998,125.629997,126.32,42035800,121.960747,123.65992050000001,127.6796663,131.69941210000002,Decreasing
2018-09-01,125.599998,126.879997,124.82,125.870003,48160000,121.526279,123.5804905,127.64749950000001,131.7145084,Increasing
2018-08-31,126.150002,127.190002,125.870003,126.010002,34694200,121.661447,123.5504423,127.63333300000001,131.7162236,Decreasing
2018-08-30,127.410004,128.949997,127.160004,128.949997,45203500,124.49998400000001,123.6706007,127.7279997,131.7853986,Increasing
2018-08-29,129.070007,129.490005,128.21000700000002,128.770004,38208000,124.326203,124.0144574,127.91333329999999,131.81220919999998,Decreasing
2018-08-28,128.380005,130.720001,128.360001,130.190002,50882900,125.697198,124.100497,128.0530002,132.00550330000002,Increasing
2018-08-27,130.690002,130.880005,129.639999,130.070007,44633200,125.581344,124.15887649999999,128.1998337,132.2407909,Decreasing
2018-08-26,130.0,130.979996,129.33999599999999,130.059998,36454900,125.571679,124.18500870000001,128.3093337,132.4336587,Increasing
2018-08-25,130.070007,131.630005,129.830002,131.389999,39730400,126.855783,124.12738159999999,128.3863339,132.6452861,Increasing
2018-08-24,131.600006,132.970001,131.399994,132.53999299999998,45596000,127.96609099999999,123.9598963,128.499167,133.0384377,Increasing
2018-08-23,132.600006,132.91000400000001,129.119995,129.619995,70697600,125.14686100000002,124.10876090000002,128.411167,132.7135731,Decreasing
2018-08-22,130.33999599999999,132.259995,130.050003,132.03999299999998,45833200,127.483346,124.11880090000001,128.4058336,132.6928663,Increasing
2018-08-21,131.860001,131.949997,131.100006,131.779999,30733300,127.232324,124.0226213,128.5108337,132.999046,Decreasing
2018-08-20,131.229996,131.449997,129.899994,130.279999,50884500,125.78408799999998,124.30070900000001,128.7318334,133.1629579,Decreasing
2018-08-19,130.279999,131.389999,130.050003,130.53999299999998,32112800,126.03511,124.35949939999999,128.8584999,133.3575004,Increasing
2018-08-18,129.860001,130.66000400000001,129.320007,129.96000700000002,33667600,125.47513899999998,124.37474590000001,128.8986669,133.4225879,Increasing
2018-08-17,130.66000400000001,130.940002,129.899994,130.119995,30889400,125.62960600000001,124.6367699,129.08083349999998,133.524897,Decreasing
2018-08-16,129.580002,130.580002,128.91000400000001,129.360001,38450100,124.895839,125.26837979999999,129.3096669,133.3509539,Decreasing
2018-08-15,129.5,129.690002,128.360001,128.649994,35626800,124.210334,125.9332746,129.4986668,133.06405900000001,Decreasing
2018-08-14,128.899994,129.21000700000002,126.83000200000001,127.800003,52674800,123.389676,126.0685551,129.5401669,133.01177859999999,Decreasing
2018-08-13,126.699997,128.080002,125.620003,127.41999799999999,56075400,123.02278500000001,126.1824915,129.5670003,132.9515092,Increasing
2018-08-12,127.91999799999999,129.33999599999999,127.849998,128.880005,39087300,124.43240800000001,126.7463818,129.708667,132.6709521,Increasing
2018-08-11,129.179993,130.179993,128.479996,128.58999599999999,35390900,124.15240700000001,127.2892578,129.845,132.40074209999997,Decreasing
2018-08-10,128.190002,128.330002,127.110001,127.16999799999999,36886200,122.78141299999999,127.131001,129.80416670000002,132.47733229999997,Decreasing
2018-08-09,126.099998,127.239998,125.709999,126.91999799999999,43988900,122.54003999999999,126.70609809999999,129.6941663,132.6822346,Increasing
2018-08-08,127.029999,127.849998,126.370003,127.599998,31494100,123.196574,126.4016896,129.56999960000002,132.73830949999999,Increasing
2018-08-07,127.720001,127.879997,126.739998,127.300003,32918100,122.906931,126.1238847,129.4254994,132.727114,Decreasing
2018-08-06,127.230003,128.309998,127.220001,127.879997,35407200,123.46691000000001,125.9515598,129.3093328,132.6671058,Increasing
2018-08-05,127.709999,127.82,126.400002,126.599998,54716900,122.23108300000001,125.68856559999999,129.1088327,132.52909979999998,Decreasing
2018-08-04,127.489998,128.059998,127.08000200000001,127.610001,34039300,123.206231,125.7264205,128.87283290000002,132.0192453,Increasing
2018-08-03,127.480003,127.610001,126.879997,127.029999,30268900,122.646244,125.57334850000001,128.7039996,131.8346507,Decreasing
2018-08-02,127.209999,129.800003,127.120003,128.110001,55280900,123.688976,125.6811976,128.5486666,131.4161355,Increasing
2018-08-01,128.860001,129.199997,127.5,127.5,31938100,123.100026,125.8677152,128.37149979999998,130.8752844,Decreasing
2018-07-31,127.66999799999999,127.989998,126.510002,126.75,44066800,122.37590800000001,125.84526240000001,128.1985,130.5517375,Decreasing
2018-07-30,125.459999,126.470001,124.480003,124.529999,49161400,120.232518,125.50070670000001,127.9235001,130.3462935,Decreasing
2018-07-29,125.57,126.120003,124.860001,125.43,44370700,121.10146100000001,125.2434909,127.69799990000001,130.1525088,Decreasing
2018-07-28,126.900002,126.940002,125.989998,126.599998,30238800,122.23108300000001,125.31963600000002,127.5075,129.6953639,Decreasing
2018-07-27,126.43,126.690002,125.769997,126.440002,27211000,122.076609,125.3221027,127.3416666,129.3612304,Increasing
2018-07-26,124.940002,126.230003,124.849998,126.0,28060400,121.65178999999999,125.172968,127.18133329999999,129.1896986,Increasing
2018-07-25,125.889999,126.150002,123.769997,125.690002,46946800,121.35249099999999,124.89390590000001,127.04416640000001,129.194427,Decreasing
2018-07-24,124.480003,124.639999,122.540001,122.57,60761600,118.340158,124.14189740000002,126.85466640000001,129.5674354,Decreasing
2018-07-23,123.849998,124.059998,119.220001,120.07,77821600,115.926432,122.9127426,126.4759997,130.0392568,Decreasing
2018-07-22,121.940002,123.849998,121.209999,123.279999,61354500,119.025655,122.4632754,126.1608332,129.85839109999998,Increasing
2018-07-21,125.029999,125.760002,124.32,125.660004,41440500,121.323527,122.3846331,126.04633329999999,129.7080335,Increasing
2018-07-20,126.040001,126.370003,125.040001,125.610001,31768100,121.27525,122.34366399999999,125.99883349999999,129.65400290000002,Decreasing
2018-07-19,125.720001,127.150002,125.58000200000001,126.82,33649200,122.44349199999999,122.3439159,125.96100020000002,129.57808459999998,Increasing
2018-07-18,127.739998,128.570007,127.349998,128.509995,36222400,124.075166,122.3059902,126.00283359999999,129.699677,Increasing
2018-07-17,129.080002,129.619995,128.309998,129.619995,46164700,125.14686100000002,122.1959647,126.0718335,129.9477023,Increasing
2018-07-16,130.970001,132.970001,130.699997,132.070007,58900200,127.51232399999999,121.6892041,126.32050020000001,130.9517963,Increasing
2018-07-15,132.850006,132.919998,130.320007,130.75,76756400,126.23787,121.40797090000001,126.50783359999998,131.6076963,Decreasing
2018-07-14,121.989998,125.5,121.989998,125.220001,115450600,120.89870900000001,121.17781380000001,126.3610003,131.5441868,Increasing
2018-07-13,126.199997,127.089996,125.059998,125.160004,50999500,120.840782,121.1251692,126.2323335,131.33949779999998,Decreasing
2018-07-12,125.32,125.739998,123.900002,124.5,42162300,120.20355500000001,120.98931499999999,126.0646669,131.14001869999998,Decreasing
2018-07-11,123.089996,123.610001,122.120003,122.769997,44455500,118.533253,120.6120011,125.8521669,131.09233270000001,Decreasing
2018-07-10,123.379997,123.910004,122.550003,123.379997,33618100,119.122203,120.4054683,125.7581669,131.11086550000002,Increasing
2018-07-09,123.150002,123.5,122.269997,122.989998,37011700,118.74566200000001,120.1369622,125.6306668,131.1243713,Decreasing
2018-07-08,122.32,122.57,121.709999,122.370003,33628300,118.14706299999999,119.7438845,125.41600020000001,131.0881158,Increasing
2018-07-07,122.599998,122.639999,120.910004,121.300003,42885000,117.11398899999999,119.29249979999999,125.18183359999999,131.0711674,Decreasing
2018-07-06,121.5,122.57,117.519997,118.440002,69976000,114.35268500000001,118.4943027,124.8726669,131.2510311,Decreasing
2018-07-05,117.41999799999999,117.699997,113.25,114.639999,124138600,110.683819,116.73130420000001,124.3723335,132.0133628,Decreasing
2018-07-04,112.949997,117.440002,112.099998,115.400002,99312600,111.417594,115.29323159999998,123.9588335,132.6244354,Increasing
2018-07-03,115.970001,116.5,114.120003,115.129997,52903000,111.66005,114.2686043,123.66550020000001,133.0623961,Decreasing
2018-07-02,114.58000200000001,116.25,114.5,115.519997,38670400,112.03829499999999,113.2383284,123.2976669,133.3570053,Increasing
2018-07-01,116.529999,119.989998,116.529999,119.720001,54951600,116.11171399999999,112.7672569,122.97266670000002,133.17807659999997,Increasing
2018-06-30,117.809998,118.18,113.33000200000001,113.489998,97082800,110.069479,111.7495121,122.439,133.12848780000002,Decreasing
2018-06-29,112.529999,115.41999799999999,109.629997,115.239998,101217500,111.76673500000001,110.58379640000001,121.7846665,132.9855365,Increasing
2018-06-28,116.040001,116.400002,114.540001,115.150002,48535800,111.679451,110.01074950000002,121.1456666,132.2805836,Decreasing
2018-06-27,114.32,116.309998,114.010002,115.959999,42929500,112.46503600000001,109.7007656,120.4578334,131.2149012,Increasing
2018-06-26,116.040001,117.650002,115.5,117.160004,40884700,113.628873,110.21933670000001,119.70066680000001,129.18199679999998,Increasing
2018-06-25,116.43,117.440002,116.010002,116.5,34560700,112.98876100000001,111.05758200000001,118.96666670000002,126.8757514,Increasing
2018-06-24,116.099998,116.519997,114.68,115.010002,47445700,111.543671,110.8596081,118.5250001,126.19039199999999,Decreasing
2018-06-23,114.08000200000001,114.349998,111.629997,112.650002,68501600,109.2548,110.60169429999999,117.8803334,125.15897240000001,Decreasing
2018-06-22,110.43,111.900002,105.650002,105.760002,128275500,102.572461,109.20925449999999,117.0331668,124.85707909999999,Decreasing
2018-06-21,94.870003,108.800003,92.0,103.120003,162206300,100.012029,105.99110259999999,115.9568336,125.92256450000001,Increasing
2018-06-20,111.110001,111.110001,103.5,103.739998,103601600,100.613338,104.85122750000001,115.0986668,125.3461062,Decreasing
2018-06-19,107.089996,109.889999,105.050003,109.690002,96774600,106.38401299999998,104.35805479999999,114.36316699999999,124.36827920000002,Increasing
2018-06-18,112.230003,113.239998,110.019997,112.91999799999999,84616100,109.516659,104.48537540000001,113.8553335,123.22529159999999,Increasing
2018-06-17,112.16999799999999,113.309998,111.540001,113.290001,53164400,109.87551,104.73741690000001,113.41016670000002,122.08291650000001,Increasing
2018-06-16,112.029999,114.529999,112.0,112.760002,56229300,109.36148500000002,104.8807642,113.0895001,121.29823600000002,Increasing
2018-06-15,110.150002,111.879997,107.360001,107.720001,76845900,104.473386,104.4437543,112.77900009999999,121.114246,Decreasing
2018-06-14,110.230003,112.339996,109.129997,112.339996,61888800,108.95413799999999,104.2974032,112.59349990000001,120.8895966,Increasing
2018-06-13,112.489998,112.779999,110.040001,110.370003,53233900,107.04351899999999,104.15575109999999,112.3841666,120.6125821,Decreasing
2018-06-12,108.970001,110.449997,108.510002,109.269997,49996300,105.976666,103.8818508,112.0835,120.2851491,Increasing
2018-06-11,111.75,112.559998,110.32,112.309998,54843600,108.92504299999999,104.1221378,111.7326666,119.34319540000001,Increasing
2018-06-10,113.760002,114.019997,109.769997,110.150002,85010800,106.830148,104.0861412,111.54833319999999,119.0105251,Decreasing
2018-06-09,110.269997,113.279999,109.900002,112.57,62892800,109.177209,104.0577891,111.47266670000002,118.88754420000001,Increasing
2018-06-08,111.790001,114.209999,111.760002,114.209999,49915500,110.76778,104.1180015,111.3741666,118.63033159999999,Increasing
2018-06-07,116.58000200000001,116.889999,114.860001,115.309998,58363400,111.834625,104.1011364,111.3871666,118.67319669999999,Decreasing
2018-06-06,115.93,116.529999,114.41999799999999,116.279999,43341200,112.77539099999998,104.18908929999999,111.3358331,118.48257679999999,Increasing
2018-06-05,116.25,116.540001,115.440002,116.410004,37173500,112.901478,104.2372114,111.3098331,118.38245479999999,Increasing
2018-06-04,115.660004,116.489998,113.720001,113.91999799999999,64112600,110.486519,104.27673459999998,111.27516640000002,118.27359820000001,Decreasing
2018-06-03,112.209999,114.300003,111.870003,113.449997,74285300,110.03068400000001,104.2766727,111.2916665,118.30666029999999,Increasing
2018-06-02,113.66999799999999,115.370003,113.660004,115.209999,50222000,111.73763999999998,104.666951,111.64049979999999,118.6140487,Increasing
2018-06-01,113.379997,114.18,112.519997,113.400002,50346200,109.98219499999999,107.1040188,112.2434997,117.3829807,Increasing
2018-05-31,113.629997,114.720001,113.300003,114.32,35756700,110.87446499999999,108.28828590000002,112.6433331,116.9983804,Increasing
2018-05-30,113.25,115.5,112.370003,115.0,50219500,111.533971,109.0475652,112.9473331,116.847101,Increasing
2018-05-29,116.440002,116.690002,114.019997,114.709999,56151900,111.25271000000001,109.11167040000001,113.1013332,117.09099599999999,Decreasing
2018-05-28,113.849998,114.57,112.440002,112.440002,52109000,109.05113,109.13745870000001,113.12316659999999,117.10887450000001,Decreasing
2018-05-27,112.83000200000001,113.510002,107.860001,109.059998,73365400,105.77299599999999,108.78331840000001,112.9754999,117.1676815,Decreasing
2018-05-26,110.16999799999999,111.540001,108.730003,110.300003,66473000,106.975629,109.0444831,113.03566670000001,117.0268504,Increasing
2018-05-25,109.07,109.620003,107.309998,109.58000200000001,63929100,106.277328,108.58120259999998,112.9140003,117.246798,Increasing
2018-05-24,108.010002,111.010002,107.550003,110.379997,58019800,107.05321200000002,108.3483737,112.843167,117.3379602,Increasing
2018-05-23,109.879997,111.370003,109.07,110.779999,52064700,107.441158,108.5314398,112.89300039999999,117.25456090000002,Increasing
2018-05-22,110.629997,111.739998,109.769997,111.309998,48196800,107.955183,108.43656709999999,112.85350030000001,117.2704335,Increasing
2018-05-21,111.739998,111.769997,109.410004,110.779999,46765600,107.441158,108.34851359999999,112.8205004,117.2924872,Decreasing
2018-05-20,110.190002,110.190002,108.209999,109.5,61979600,106.19973700000001,107.97314320000001,112.68966709999998,117.40619099999999,Decreasing
2018-05-19,110.0,112.279999,109.489998,112.120003,52766100,108.740775,107.84239779999999,112.5848337,117.32726969999999,Increasing
2018-05-18,112.730003,112.75,111.440002,111.599998,30467200,108.236443,107.8680865,112.3970004,116.92591440000001,Decreasing
2018-05-17,110.82,112.449997,110.68,111.790001,33049300,108.42071899999999,107.9236127,112.1918338,116.46005490000002,Increasing
2018-05-16,111.290001,111.519997,109.559998,110.209999,44462400,106.888337,107.9810483,111.90683359999998,115.8326188,Decreasing
2018-05-15,110.93,112.099998,110.489998,111.860001,37673500,108.48860900000001,108.0344358,111.7455003,115.45656470000002,Increasing
2018-05-14,111.779999,112.0,110.529999,111.040001,39232600,107.69332299999999,107.9887068,111.6446669,115.30062690000001,Decreasing
2018-05-13,110.800003,111.75,110.110001,111.730003,29759200,108.36253,108.09734830000001,111.4671668,114.8369853,Increasing
2018-05-12,111.339996,114.16999799999999,110.82,113.769997,48778800,110.341039,108.1200469,111.44483340000001,114.76961999999999,Increasing
2018-05-11,114.0,115.58000200000001,113.699997,113.760002,41795200,110.331345,108.09292920000001,111.4565001,114.8200709,Decreasing
2018-05-10,114.33000200000001,115.5,114.099998,115.5,41654100,112.018901,107.99208349999999,111.4936666,114.9952498,Increasing
2018-05-09,116.699997,119.230003,116.33000200000001,119.08000200000001,59366900,115.491004,107.341724,111.6473335,115.9529429,Increasing
2018-05-08,118.08000200000001,118.129997,114.91999799999999,115.279999,66333800,111.80553,107.10682290000001,111.79533329999998,116.4838437,Decreasing
2018-05-07,115.400002,116.540001,113.989998,114.550003,69884400,111.097536,107.21392809999999,112.0395,116.86507179999998,Decreasing
2018-05-06,116.93,119.300003,116.059998,119.269997,85551400,115.67527199999999,107.00231780000001,112.44049979999998,117.87868190000002,Increasing
2018-05-05,118.699997,120.690002,118.269997,120.529999,51227300,116.897299,106.93304579999999,112.9901664,119.04728700000001,Increasing
2018-05-04,120.989998,121.220001,119.449997,119.5,49365300,115.898343,106.92611509999999,113.5106663,120.0952176,Decreasing
2018-05-03,120.800003,121.360001,119.610001,121.18,32203300,117.527709,106.90214479999999,114.0261663,121.15018789999999,Increasing
2018-05-02,120.790001,123.489998,120.699997,122.57,45519000,118.87581499999999,106.77492,114.59183300000001,122.40874609999999,Increasing
2018-05-01,123.129997,123.82,121.620003,122.0,44886100,118.32299499999999,106.8736711,115.1831664,123.49266170000001,Decreasing
2018-04-30,121.849998,122.690002,120.18,120.91999799999999,39552700,117.777553,107.5297965,115.7813331,124.0328696,Decreasing
2018-04-29,121.110001,121.809998,120.620003,121.059998,33042300,117.91391399999999,107.9749626,116.27466640000002,124.5743702,Decreasing
2018-04-28,120.959999,121.809998,120.050003,120.57,33871400,117.43665,108.4461115,116.7186664,124.99122129999999,Decreasing
2018-04-27,116.900002,118.07,116.059998,116.769997,59127900,113.735401,109.04742069999999,116.9849997,124.92257859999998,Decreasing
2018-04-26,116.370003,117.41999799999999,115.209999,116.110001,45218000,113.09255700000001,109.91497439999999,117.2758331,124.63669180000001,Decreasing
2018-04-25,116.260002,116.82,115.650002,115.720001,32525600,112.71269299999999,110.608755,117.5048332,124.40091140000001,Decreasing
2018-04-24,115.199997,115.57,112.269997,112.339996,45812400,109.420527,111.0642124,117.6149997,124.1657871,Decreasing
2018-04-23,111.379997,114.239998,111.0,114.18,38106700,111.212713,111.49596340000001,117.71216629999999,123.9283692,Increasing
2018-04-22,114.91999799999999,115.050003,113.32,113.690002,27616900,110.735449,111.7039561,117.7671665,123.8303768,Decreasing
2018-04-21,115.760002,117.489998,115.5,117.290001,46674700,114.241891,112.00844609999999,117.8878331,123.76722009999999,Increasing
2018-04-20,117.639999,119.75,116.760002,118.779999,43295800,115.69316699999999,112.32347320000001,118.05766650000001,123.7918598,Increasing
2018-04-19,119.199997,119.91999799999999,118.849998,119.300003,34287100,116.19965800000001,112.3528426,118.114833,123.87682350000001,Increasing
2018-04-18,119.269997,119.730003,117.339996,117.75,32482500,114.68993600000002,112.5348643,118.2229998,123.91113529999998,Decreasing
2018-04-17,117.33000200000001,119.349998,117.120003,118.879997,42803200,115.790567,112.89828689999999,118.39416640000002,123.89004579999998,Increasing
2018-04-16,119.209999,119.230003,117.91999799999999,118.029999,21388300,114.962658,112.90810139999999,118.4033331,123.8985648,Decreasing
2018-04-15,118.290001,118.410004,117.599998,117.809998,13046400,114.748374,112.85010520000002,118.3088331,123.76756100000001,Decreasing
2018-04-14,117.989998,119.410004,117.75,118.300003,39180300,115.225646,112.82955520000002,118.23033329999998,123.63111129999999,Increasing
2018-04-13,118.75,118.809998,116.860001,117.339996,34852400,114.29058799999999,112.79576499999999,118.07799979999999,123.36023459999998,Decreasing
2018-04-12,117.339996,118.110001,116.08000200000001,116.279999,33386600,113.258137,112.86329099999999,117.8064999,122.7497088,Decreasing
2018-04-11,116.550003,116.790001,114.220001,115.199997,41569500,112.206202,112.90060749999999,117.4526665,122.00472549999999,Decreasing
2018-04-10,115.290001,119.25,115.110001,119.029999,57777000,115.93667099999999,113.0697614,117.2793332,121.488905,Increasing
2018-04-09,118.980003,119.860001,117.809998,118.279999,32084200,115.20616100000001,113.27862069999999,117.1536665,121.0287123,Decreasing
2018-04-08,117.519997,118.599998,116.860001,118.230003,34309500,115.15746499999999,113.49121720000001,117.0079999,120.5247825,Increasing
2018-04-07,117.639999,117.690002,115.08000200000001,115.620003,46361400,112.615293,113.42856950000001,116.96616670000002,120.5037639,Decreasing
2018-04-06,116.040001,116.940002,115.510002,116.16999799999999,29104200,113.150995,113.4249,116.9641668,120.5034336,Increasing
2018-04-05,115.190002,115.389999,112.849998,113.18,46886200,110.238701,113.0688544,116.8513334,120.63381229999999,Decreasing
2018-04-04,112.18,112.68,109.790001,112.480003,64318700,109.556895,112.60532450000001,116.7641669,120.9230092,Increasing
2018-04-03,111.940002,112.800003,110.349998,110.489998,53323100,107.618605,112.1077587,116.6678336,121.2279084,Decreasing
2018-04-02,111.07,111.989998,108.800003,111.339996,56238500,108.446514,111.3660237,116.5023334,121.63864309999998,Increasing
2018-04-01,112.019997,112.25,108.980003,108.980003,44772800,106.147852,110.3201147,116.1678335,122.0155524,Decreasing
2018-03-31,108.910004,109.519997,105.809998,106.029999,96453300,103.274512,108.6549713,115.6023334,122.54969550000001,Decreasing
2018-03-30,107.279999,107.370003,105.57,107.33000200000001,47590600,104.54073100000001,107.25816499999999,114.97233349999999,122.686502,Increasing
2018-03-29,107.400002,107.720001,106.449997,107.230003,32789400,104.443331,106.14623059999998,114.41533359999998,122.6844365,Decreasing
2018-03-28,107.269997,108.849998,107.199997,108.610001,32657400,105.787465,105.43316270000001,113.90383349999999,122.37450430000001,Increasing
2018-03-27,109.0,109.0,107.949997,108.029999,13570400,105.222536,104.86066840000001,113.40050009999999,121.9403318,Decreasing
2018-03-26,107.589996,107.690002,106.18,106.82,26704200,104.043982,104.1277985,112.8483335,121.56886840000001,Decreasing
2018-03-25,106.959999,109.43,106.860001,108.739998,30931200,105.914084,103.8135822,112.34116670000002,120.8687512,Increasing
2018-03-24,108.58000200000001,108.699997,107.18,107.32,25213800,104.530989,103.4598559,111.8443334,120.2288108,Decreasing
2018-03-23,107.010002,107.029999,104.82,105.260002,40635300,102.524526,102.8238662,111.2883334,119.75280049999999,Decreasing
2018-03-22,102.610001,105.370003,102.0,105.349998,67649400,102.612183,101.95804270000001,110.73016670000001,119.50229070000002,Increasing
2018-03-21,105.75,105.849998,102.410004,102.709999,55791000,100.04079200000001,101.3646127,110.02316680000001,118.6817208,Decreasing
2018-03-20,100.559998,102.370003,99.870003,100.699997,68457400,98.083025,100.5769808,109.1396668,117.70235290000001,Increasing
2018-03-19,98.68,100.129997,96.43,96.449997,81094400,93.943473,99.17277311,108.1283334,117.0838936,Decreasing
2018-03-18,98.550003,99.110001,96.760002,96.959999,70798000,94.44022199999999,97.92365459999999,107.20233329999999,116.481012,Decreasing
2018-03-17,98.970001,99.059998,97.339996,98.529999,49739400,95.96942,97.22509425,106.30749979999999,115.38990530000001,Decreasing
2018-03-16,100.550003,100.690002,98.839996,99.959999,49154200,97.362258,96.79499958,105.6086665,114.4223334,Decreasing
2018-03-15,100.32,101.190002,97.300003,97.389999,62439600,94.859047,96.1011593,104.9574998,113.8138403,Decreasing
2018-03-14,97.959999,100.480003,95.739998,99.519997,63170100,96.93369,95.54254396,104.32583309999998,113.1091223,Increasing
2018-03-13,96.199997,97.709999,95.360001,97.129997,79010000,94.605802,94.76300547,103.62699980000001,112.49099409999998,Increasing
2018-03-12,98.410004,98.650002,95.5,96.660004,53087700,94.148022,94.16719724,102.97033309999999,111.77346899999999,Decreasing
2018-03-11,95.099998,98.190002,93.41999799999999,96.790001,72334400,94.274641,93.35495876,102.42099990000001,111.48704099999999,Increasing
2018-03-10,97.059998,97.879997,94.940002,96.300003,52161500,93.797377,92.70019126,101.9018332,111.1034751,Decreasing
2018-03-09,98.629997,101.459999,98.370003,101.41999799999999,65800500,98.784315,92.66732003,101.5659998,110.46467959999998,Increasing
2018-03-08,101.519997,101.529999,99.209999,99.440002,51794500,96.855775,92.78428426,101.15799990000001,109.5317155,Decreasing
2018-03-07,99.93,100.879997,98.07,99.989998,75077000,97.39147700000001,93.0074875,100.72399990000001,108.4405123,Increasing
2018-03-06,96.040001,96.629997,93.339996,93.41999799999999,133369700,90.99221800000001,92.47229263,100.102333,107.73237340000001,Decreasing
2018-03-05,93.790001,94.519997,92.389999,94.089996,55678800,91.64480400000001,92.24359807,99.36849958,106.4934011,Increasing
2018-03-04,94.790001,97.339996,94.349998,97.339996,64416500,94.810344,92.69136942,98.79899947,104.9066295,Increasing
2018-03-03,96.470001,96.709999,95.400002,96.43,40943500,93.923996,93.00925856,98.3228328,103.63640699999999,Decreasing
2018-03-02,95.41999799999999,96.040001,94.279999,94.480003,37357200,92.024676,93.09692217,97.8574995,102.6180768,Decreasing
2018-03-01,95.0,96.839996,94.08000200000001,96.349998,45964300,93.846074,93.43812017,97.46249942,101.4868787,Increasing
2018-02-28,95.860001,97.33000200000001,95.190002,96.599998,46471700,94.600127,93.52459175,97.23216607,100.9397404,Increasing
2018-02-27,96.519997,96.91999799999999,93.690002,94.019997,46418100,92.073538,93.25330457,97.09249945,100.9316943,Decreasing
2018-02-26,93.129997,95.699997,93.040001,95.010002,54021400,93.043048,92.95952928,96.94116608,100.92280290000001,Increasing
2018-02-25,94.290001,95.940002,93.93,94.989998,44331200,93.02345799999999,92.75384092,96.77333287,100.7928248,Increasing
2018-02-24,95.91999799999999,96.349998,94.099998,94.269997,42343600,92.318363,92.68761252,96.52716613,100.3667197,Decreasing
2018-02-23,93.790001,94.720001,92.589996,93.699997,50074700,91.760163,92.37451682,96.27933263,100.18414840000001,Decreasing
2018-02-22,94.190002,94.5,93.010002,93.989998,40351400,92.04415999999999,92.14838312,96.04199933,99.93561554,Decreasing
2018-02-21,95.019997,96.849998,94.610001,96.639999,49057900,94.6393,92.12630689,96.00699935,99.88769181,Increasing
2018-02-20,96.66999799999999,98.209999,96.150002,98.120003,44863200,96.088664,92.12003295,96.03483265,99.94963235,Increasing
2018-02-19,98.839996,98.889999,96.089996,96.260002,39021000,94.26717,92.14094415,96.08216592,100.0233877,Decreasing
2018-02-18,96.0,96.760002,95.800003,96.040001,35374200,94.051723,92.13411487,96.07349932,100.0128838,Increasing
2018-02-17,96.309998,96.900002,95.91999799999999,96.879997,34280800,94.874329,92.46829552,95.88099927,99.29370301,Increasing
2018-02-16,96.400002,96.5,94.550003,94.690002,31942600,92.72967299999999,92.81145818,95.64033268,98.46920719,Decreasing
2018-02-15,93.980003,96.379997,93.32,96.099998,36255700,94.110479,93.26994412,95.42133268,97.57272125,Increasing
2018-02-14,96.050003,96.760002,95.25,96.760002,27582700,94.75681800000001,93.37738398,95.51099957,97.64461515,Increasing
2018-02-13,97.199997,98.019997,96.58000200000001,96.910004,28991100,94.903715,93.61258879,95.68616642,97.75974404,Decreasing
2018-02-12,96.860001,98.230003,96.650002,96.690002,35216300,94.68826800000001,93.57014711,95.72850003,97.88685296,Decreasing
2018-02-11,97.650002,100.769997,97.41999799999999,100.529999,50407100,98.448766,93.16702846,95.89816658,98.6293047,Increasing
2018-02-10,100.510002,100.889999,99.639999,100.75,33169600,98.664213,92.84527706,96.17283317,99.50038927,Increasing
2018-02-09,100.58000200000001,101.709999,100.449997,101.5,36955700,99.398686,92.46676796,96.44599983,100.4252317,Increasing
2018-02-08,102.370003,103.75,101.370003,103.010002,46055100,100.877427,91.93797669,96.76283322,101.5876897,Increasing
2018-02-07,102.389999,102.83000200000001,100.959999,101.870003,35828900,99.76102900000001,91.88580523,97.11333333,102.34086140000001,Decreasing
2018-02-06,100.779999,101.760002,100.400002,101.029999,31561900,98.938415,92.07566689,97.43733338,102.79899990000001,Increasing
2018-02-05,101.309998,101.58000200000001,100.269997,101.120003,27201700,99.026556,92.29184706,97.73916675,103.1864864,Decreasing
2018-02-04,101.410004,102.239998,100.150002,101.16999799999999,33513600,99.07551600000001,92.57125624,98.05316683,103.5350774,Decreasing
2018-02-03,102.239998,102.279999,101.5,102.260002,27408200,100.142954,93.11782189,98.47033362,103.8228453,Increasing
2018-02-02,101.910004,102.910004,101.779999,102.519997,25076100,100.397566,93.73082861,98.89883362,104.0668386,Increasing
2018-02-01,103.959999,105.18,103.849998,104.58000200000001,40067700,102.414924,93.78324026,99.32400032,104.86476040000001,Increasing
2018-01-31,104.610001,106.309998,104.589996,105.970001,38303500,103.776147,93.62270996,99.73050017,105.8382904,Increasing
2018-01-30,105.519997,106.470001,104.959999,105.800003,34420700,103.609668,93.65364611,100.16366690000001,106.6736878,Increasing
2018-01-29,106.339996,106.5,105.190002,105.91999799999999,44205200,103.727179,93.95272123,100.6471668,107.3416124,Decreasing
2018-01-28,105.93,107.650002,105.139999,105.910004,35502700,103.717391,94.29002414,101.13050030000001,107.97097649999999,Decreasing
2018-01-27,105.25,107.290001,105.209999,106.720001,32444400,104.51061999999999,95.04091799,101.6885002,108.33608249999999,Increasing
2018-01-26,106.480003,107.07,105.900002,106.129997,25703500,103.93283000000001,95.99151634,102.24350030000001,108.49548429999999,Decreasing
2018-01-25,105.470001,106.25,104.889999,105.66999799999999,26133000,103.482354,96.93996148,102.71083349999999,108.48170559999998,Increasing
2018-01-24,106.0,106.190002,105.059998,105.190002,19411400,103.01229599999999,97.83427383,103.1263335,108.4183932,Decreasing
2018-01-23,104.889999,107.790001,104.879997,107.68,31190100,105.450744,98.84025782,103.60600000000001,108.3717422,Increasing
2018-01-22,108.650002,110.41999799999999,108.599998,109.559998,45601100,107.291821,99.05589679,104.1036667,109.1514366,Increasing
2018-01-21,109.720001,109.900002,108.879997,108.989998,25888400,106.733621,99.31956576,104.5451667,109.7707676,Decreasing
2018-01-20,108.779999,110.0,108.199997,109.989998,25874000,107.712919,99.55637228,104.954,110.3516277,Increasing
2018-01-19,110.41999799999999,112.190002,110.269997,111.120003,37356200,108.81953,99.44575835,105.3781666,111.3105749,Increasing
2018-01-18,109.510002,110.730003,109.41999799999999,109.809998,26578700,107.536645,99.75432671,105.78316650000001,111.81200630000001,Increasing
2018-01-17,110.230003,110.980003,109.199997,110.959999,26404100,108.66283899999999,100.3118524,106.24899979999999,112.18614709999999,Increasing
2018-01-16,109.949997,110.41999799999999,108.120003,108.540001,31801900,106.29294099999998,101.1177046,106.6508331,112.18396170000001,Decreasing
2018-01-15,108.910004,109.769997,108.16999799999999,108.660004,23581700,106.410459,102.0312098,107.0348331,112.0384565,Decreasing
2018-01-14,108.970001,110.610001,108.83000200000001,109.019997,29407500,106.762999,102.8657093,107.40849979999999,111.9512903,Increasing
2018-01-13,109.339996,110.5,108.660004,110.440002,27232300,108.15360700000001,103.7470523,107.7816666,111.8162808,Increasing
2018-01-12,110.800003,112.339996,110.800003,112.040001,33257300,109.720482,104.046322,108.14116659999999,112.2360111,Increasing
2018-01-11,111.620003,112.389999,111.33000200000001,112.099998,25473900,109.77923700000001,104.21588249999999,108.45700000000001,112.69811740000002,Increasing
2018-01-10,112.110001,112.300003,109.730003,109.849998,46939000,107.575818,104.5517928,108.7011666,112.85054050000001,Decreasing
2018-01-09,108.889999,108.949997,106.940002,107.480003,60834000,105.254888,104.8293735,108.79716670000002,112.76495990000002,Decreasing
2018-01-08,107.879997,108.0,106.230003,106.910004,32384900,104.696689,104.9603381,108.83783340000001,112.7153287,Decreasing
2018-01-07,106.639999,108.089996,106.059998,107.129997,30611000,104.91212800000001,105.0699568,108.8721665,112.6743763,Increasing
2018-01-06,106.93,106.93,105.519997,105.970001,31552500,103.776147,105.02759350000001,108.86083319999999,112.69407279999999,Decreasing
2018-01-05,105.010002,106.480003,104.620003,105.68,33683100,103.492149,105.02539250000001,108.8603333,112.69527420000001,Increasing
2018-01-04,105.0,105.650002,104.510002,105.08000200000001,28031600,102.904573,104.9316223,108.8403334,112.74904450000001,Increasing
2018-01-03,103.910004,105.300003,103.910004,104.349998,56016200,102.18968199999999,104.4711595,108.7271669,112.98317420000001,Increasing
2018-01-02,96.0,98.709999,95.68,97.82,114602100,95.794871,101.6277845,108.1210003,114.61421599999998,Increasing
2018-01-01,97.610001,97.879997,94.25,94.83000200000001,82242700,92.86677399999999,99.00626536,107.44083359999999,115.87540190000001,Decreasing
2017-12-31,93.989998,94.720001,92.510002,93.739998,68531500,91.799336,96.36305819,106.6538337,116.94460929999998,Decreasing
2017-12-30,93.970001,94.08000200000001,92.400002,93.639999,48160100,91.701408,94.19229108,105.7628338,117.33337639999999,Decreasing
2017-12-29,94.199997,95.739998,93.68,95.18,56831300,93.20952700000001,92.68739967,105.0068337,117.32626780000001,Increasing
2017-12-28,95.199997,95.900002,93.82,94.190002,41025500,92.240024,91.37350758,104.2196672,117.0658267,Decreasing
2017-12-27,94.0,94.07,92.68,93.239998,35890500,91.865625,89.95687082,103.43483379999999,116.9127967,Decreasing
2017-12-26,93.370003,93.449997,91.849998,92.720001,43458200,91.35329300000001,88.61466144,102.625167,116.6356726,Decreasing
2017-12-25,93.0,93.769997,92.589996,92.790001,32936400,91.42226099999999,87.5726146,101.80333359999999,116.03405259999998,Decreasing
2017-12-24,93.33000200000001,93.57,92.110001,93.41999799999999,33686800,92.04297199999999,86.74692592,100.96166679999999,115.1764077,Increasing
2017-12-23,93.480003,93.57,92.459999,92.510002,28719100,91.146389,86.28857673,100.0176668,113.74675690000001,Decreasing
2017-12-22,92.720001,92.779999,89.470001,90.339996,76314700,89.00837,85.83456763,98.96383345,112.0930993,Decreasing
2017-12-21,90.0,91.66999799999999,90.0,90.519997,44392800,89.18571700000001,85.52819161,97.96899997,110.40980829999998,Increasing
2017-12-20,92.389999,94.389999,91.650002,93.879997,61259800,92.49619,85.50885848,97.24483323,108.98080800000001,Increasing
2017-12-19,94.550003,94.699997,93.010002,93.489998,46916900,92.111939,85.66076061,96.5791664,107.49757220000001,Decreasing
2017-12-18,94.160004,95.209999,93.889999,94.559998,42062400,93.166167,86.13634549,95.95216648,105.7679875,Increasing
2017-12-17,94.639999,94.639999,93.57,94.199997,30442100,92.81147299999999,86.70270139,95.35199978,104.00129820000001,Decreasing
2017-12-16,94.639999,95.43,94.519997,95.220001,32026000,93.81644200000001,87.56289378,94.82516632,102.08743879999999,Increasing
2017-12-15,95.870003,97.190002,95.66999799999999,96.43,38018600,95.008606,88.7823949,94.39266622,100.0029375,Increasing
2017-12-14,97.220001,98.089996,96.839996,97.900002,35140200,96.456939,90.50381694,94.04716603,97.59051513,Increasing
2017-12-13,98.66999799999999,99.739998,98.110001,99.620003,38168800,98.151587,90.19869119,94.13483275,98.07097431,Increasing
2017-12-12,99.68,100.730003,98.639999,100.410004,56331200,98.92994300000001,89.7053863,94.34849953,98.99161276,Increasing
2017-12-11,99.440002,100.470001,99.25,100.349998,36229500,98.870823,89.42296245,94.66683283,99.91070322,Increasing
2017-12-10,99.599998,100.400002,98.82,99.860001,42307200,98.388047,89.34215305,94.98283283,100.6235126,Increasing
2017-12-09,99.019997,99.540001,98.33000200000001,98.459999,29173300,97.008682,89.3012312,95.1783329,101.05543459999998,Decreasing
2017-12-08,97.599998,97.839996,96.629997,97.720001,40191600,96.27959200000001,89.36741119,95.31633273,101.2652543,Increasing
2017-12-07,97.790001,98.269997,97.449997,97.91999799999999,28062900,96.476641,89.56821435,95.54383263,101.51945090000001,Increasing
2017-12-06,97.989998,101.889999,97.550003,98.629997,23292500,97.176174,89.83474445,95.87799935,101.9212542,Increasing
2017-12-05,99.25,99.870003,98.959999,99.029999,22409500,97.57028000000001,90.11889761,96.1898328,102.260768,Decreasing
2017-12-04,99.019997,99.559998,98.68,98.940002,20848100,97.48161,90.47885207,96.49116615,102.5034802,Decreasing
2017-12-03,98.5,99.989998,98.459999,99.650002,26601400,98.18114399999999,90.92479459,96.81716612,102.70953759999999,Increasing
2017-12-02,98.529999,99.349998,98.480003,98.83000200000001,31712900,97.373231,91.94166329,97.21833290000001,102.4950025,Increasing
2017-12-01,98.690002,99.120003,97.099998,97.339996,38020500,95.905188,93.21597105,97.5744996,101.9330281,Decreasing
2017-11-30,97.32,98.480003,96.75,97.459999,31931900,96.023422,93.89211502,97.78733299999999,101.682551,Increasing
2017-11-29,97.82,98.410004,97.029999,97.139999,29445200,95.708139,94.54837988,97.97699975,101.4056196,Decreasing
2017-11-28,96.449997,97.75,96.07,97.550003,31326800,96.1121,95.02478017,98.10549987,101.1862196,Increasing
2017-11-27,96.620003,96.650002,95.300003,95.33000200000001,61008200,93.924821,95.46372275,98.18666672,100.9096107,Decreasing
2017-11-26,96.0,96.57,95.029999,95.099998,34411900,93.698208,95.59963477,98.2121667,100.82469859999999,Decreasing
2017-11-25,94.940002,96.349998,94.68,95.910004,35546400,94.496274,95.43432872,98.17300007,100.9116714,Increasing
2017-11-24,96.25,96.889999,95.349998,95.550003,29219100,94.14158,95.18815333,98.08900017,100.989847,Decreasing
2017-11-23,95.940002,96.290001,95.25,96.099998,32240200,94.683468,94.91593085,97.92516678,100.9344027,Increasing
2017-11-22,92.910004,94.660004,92.650002,93.400002,75311400,92.02327,94.19504425,97.60733348,101.01962270000001,Increasing
2017-11-21,93.0,93.050003,91.5,92.040001,45489600,90.683316,93.25130599,97.21600023,101.1806945,Decreasing
2017-11-20,92.900002,93.660004,92.139999,93.589996,40444900,92.210464,92.71654232,96.8878335,101.0591247,Increasing
2017-11-19,93.970001,94.550003,93.629997,94.400002,36531000,93.00853000000001,92.42450487,96.65866683,100.89282879999999,Increasing
2017-11-18,94.440002,95.769997,94.300003,95.599998,35836400,94.190838,92.28572979,96.55000023,100.81427070000001,Increasing
2017-11-17,95.489998,96.470001,95.33000200000001,95.889999,26026500,94.47656500000001,92.22280147,96.45083373,100.678866,Increasing
2017-11-16,95.389999,95.400002,94.459999,94.989998,27705200,93.58982900000001,92.17540513,96.23050040000001,100.2855957,Decreasing
2017-11-15,94.599998,95.660004,94.370003,95.529999,30949100,94.12187,92.20115951,96.02550048,99.84984145,Increasing
2017-11-14,95.699997,96.5,95.620003,95.940002,25139600,94.52583100000001,92.31098228,95.87350057,99.43601885,Increasing
2017-11-13,96.489998,96.889999,96.050003,96.68,28912100,95.254921,92.52903769,95.73216728,98.93529688,Increasing
2017-11-12,96.75,97.650002,96.730003,96.980003,23794900,95.55050200000001,92.70719122,95.64383403,98.58047685,Increasing
2017-11-11,97.16999799999999,97.699997,97.120003,97.41999799999999,24167500,95.984011,92.74576319,95.62183405,98.49790491,Increasing
2017-11-10,97.410004,97.66999799999999,96.839996,96.870003,25892200,95.442123,92.77707732,95.60000063,98.42292394,Decreasing
2017-11-09,97.389999,98.989998,97.32,98.790001,38919000,97.33381999999999,92.68390678,95.64200058,98.60009438,Increasing
2017-11-08,98.91999799999999,99.300003,98.5,98.779999,30137000,97.323965,92.51132029,95.7288339,98.94634751,Decreasing
2017-11-07,98.699997,100.129997,98.599998,99.83000200000001,36493900,98.358491,92.29945757,95.91683373,99.53420990000001,Increasing
2017-11-06,99.559998,100.0,99.339996,99.870003,23779900,98.397902,92.14975558,96.12533377,100.100912,Increasing
2017-11-05,100.0,100.459999,99.739998,99.959999,26276000,98.486572,92.02698147,96.345667,100.6643525,Decreasing
2017-11-04,99.83000200000001,101.0,99.129997,99.43,32702000,97.964385,91.96763349,96.54183362,101.1160337,Decreasing
2017-11-03,99.260002,99.300003,98.309998,98.660004,28313700,97.20573900000001,92.02368804,96.68566705,101.34764609999999,Decreasing
2017-11-02,98.25,98.839996,96.91999799999999,97.339996,40382900,95.905188,92.43932723,96.89216675,101.3450063,Decreasing
2017-11-01,96.82,97.970001,96.41999799999999,96.66999799999999,56239800,95.24506600000001,93.23604436,97.1333333,101.03062220000001,Decreasing
2017-10-31,104.269997,104.349998,102.75,102.949997,92344800,101.432497,93.32363582,97.64433323,101.96503059999999,Decreasing
2017-10-30,102.83000200000001,104.449997,102.82,104.339996,39869800,102.80200699999999,93.3217178,98.12816642,102.93461500000001,Increasing
2017-10-29,104.190002,104.550003,103.68,104.209999,27733700,102.673926,93.29583449,98.57433315,103.85283179999999,Increasing
2017-10-28,104.410004,106.150002,104.410004,106.050003,38167900,104.486808,93.12387182,99.05633327,104.9887947,Increasing
2017-10-27,106.050003,106.07,104.0,104.480003,33816600,102.93995,93.42312637,99.55133333,105.6795403,Decreasing
2017-10-26,104.809998,105.839996,104.769997,105.790001,30202600,104.230638,93.76562625,100.06533309999999,106.36504,Increasing
2017-10-25,105.58000200000001,106.0,105.279999,105.870003,27408700,104.874527,94.08018745,100.55016640000001,107.02014540000002,Increasing
2017-10-24,106.269997,107.650002,106.18,107.480003,40553400,106.46938899999999,94.28736079,101.0783331,107.8693055,Increasing
2017-10-23,107.519997,108.370003,107.160004,108.370003,28037200,107.35101999999999,94.45847658,101.6206665,108.7828564,Increasing
2017-10-22,108.230003,108.940002,108.010002,108.809998,26315200,107.786878,94.68178482,102.1793332,109.67688159999999,Increasing
2017-10-21,108.709999,108.900002,107.760002,108.0,24008500,106.984496,95.17260758,102.734,110.2953925,Decreasing
2017-10-20,108.519997,108.93,107.849998,107.93,27484500,106.915155,95.58278728,103.2275,110.8722127,Decreasing
2017-10-19,107.779999,108.440002,107.779999,108.18,18660400,107.16280400000001,96.03740181,103.6911667,111.3449315,Increasing
2017-10-18,108.139999,109.540001,108.08000200000001,109.480003,25868200,108.450584,96.42712379,104.1668335,111.9065431,Increasing
2017-10-17,109.629997,110.230003,109.209999,109.379997,33794400,108.351518,96.85507774,104.6603335,112.4655892,Decreasing
2017-10-16,109.099998,109.370003,108.339996,109.220001,25356000,108.193026,97.38594245,105.10650020000001,112.82705790000001,Increasing
2017-10-15,109.230003,109.599998,109.019997,109.08000200000001,21984700,108.05434299999999,98.05126189,105.57550020000001,113.0997385,Decreasing
2017-10-14,108.769997,109.690002,108.360001,109.360001,25368100,108.331709,99.11067546,106.09450020000001,113.07832490000001,Increasing
2017-10-13,108.860001,109.099998,107.849998,108.510002,25820200,107.489703,100.746454,106.63383370000001,112.52121329999999,Decreasing
2017-10-12,108.589996,109.32,108.529999,108.849998,21257700,107.826502,103.2539397,107.2278337,111.20172759999998,Increasing
2017-10-11,108.57,108.75,107.68,108.029999,23675100,107.01421299999998,103.9008025,107.4680004,111.0351983,Decreasing
2017-10-10,107.389999,107.879997,106.68,107.57,25086200,106.558539,104.4787679,107.6433338,110.8078997,Increasing
2017-10-09,107.410004,107.949997,106.309998,106.940002,27766300,105.93446599999999,105.0415368,107.7893337,110.53713059999998,Decreasing
2017-10-08,106.620003,107.440002,106.290001,106.82,24970300,105.815591,105.26758659999999,107.8550003,110.44241389999999,Increasing
2017-10-07,105.800003,106.5,105.5,106.0,24863900,105.003302,105.55375359999998,107.91250020000001,110.27124679999999,Increasing
2017-10-06,105.660004,106.57,105.639999,106.099998,29662400,105.10236,105.70428290000001,107.9443336,110.18438429999999,Increasing
2017-10-05,106.139999,106.800003,105.620003,106.730003,26701500,105.726441,105.85440870000001,107.97766709999999,110.1009254,Increasing
2017-10-04,107.699997,108.0,106.82,107.730003,26802500,106.71703799999999,105.9016386,107.9983337,110.0950288,Increasing
2017-10-03,107.900002,108.300003,107.510002,107.699997,26880400,106.68731399999999,105.8939804,107.99183359999999,110.08968670000002,Decreasing
2017-10-02,107.83000200000001,108.760002,107.07,108.360001,42364300,107.34111200000001,105.88516070000001,107.9656669,110.04617309999999,Increasing
2017-10-01,107.25,107.269997,105.239998,105.519997,53002000,104.527812,105.61203130000001,107.85516670000001,110.0983021,Decreasing
2017-09-30,104.639999,105.720001,103.129997,103.129997,46557000,102.160285,104.84921340000001,107.64299999999999,110.4367865,Decreasing
2017-09-29,102.650002,105.720001,102.529999,105.440002,45292800,104.44856999999999,104.37798459999999,107.4645,110.55101540000001,Increasing
2017-09-28,107.510002,108.790001,107.239998,107.949997,62176200,106.93496299999998,104.39928809999999,107.41249979999999,110.42571159999999,Increasing
2017-09-27,108.730003,113.029999,108.599998,111.769997,110888700,110.719044,104.19305059999999,107.4888331,110.7846156,Increasing
2017-09-26,113.860001,115.730003,113.489998,115.57,89983600,114.483317,103.18875849999999,107.78649979999999,112.38424099999999,Increasing
2017-09-25,115.120003,116.129997,114.040001,114.91999799999999,79886900,113.839427,102.51951729999999,108.0763331,113.63314890000001,Decreasing
2017-09-24,115.190002,116.18,113.25,113.58000200000001,47023000,112.51203000000001,102.15399559999999,108.3363331,114.51867050000001,Decreasing
2017-09-23,113.050003,114.120003,112.510002,113.57,34514300,112.502122,102.016673,108.58199979999999,115.14732659999999,Increasing
2017-09-22,113.849998,113.989998,112.440002,113.550003,36003200,112.48231399999999,101.9193147,108.80333329999999,115.68735179999999,Decreasing
2017-09-21,114.349998,114.940002,114.0,114.620003,31074000,113.542252,101.8116786,109.12166670000002,116.43165479999999,Increasing
2017-09-20,114.41999799999999,114.790001,111.550003,112.709999,52481200,111.650208,101.9509471,109.40366680000001,116.8563865,Decreasing
2017-09-19,111.639999,113.389999,111.550003,112.879997,29869400,111.81860800000001,102.1842916,109.68066680000001,117.17704209999998,Increasing
2017-09-18,113.0,113.18,112.339996,113.089996,24607400,112.026632,102.48066209999999,109.98166670000002,117.48267120000001,Increasing
2017-09-17,113.690002,114.639999,113.43,113.949997,29641100,112.878547,102.91919940000001,110.38199990000001,117.84480049999999,Increasing
2017-09-16,113.160004,113.800003,111.800003,112.18,35887000,111.125193,103.45468699999999,110.7065001,117.95831310000001,Decreasing
2017-09-15,112.459999,113.370003,111.800003,113.050003,36379100,111.98701499999999,104.0048036,111.0243334,118.0438632,Increasing
2017-09-14,112.709999,113.050003,112.279999,112.519997,21701800,111.461992,104.41929990000001,111.27933329999999,118.1393668,Decreasing
2017-09-13,113.059998,114.309998,112.629997,113.0,29736800,111.937482,104.8287959,111.5531666,118.2775372,Decreasing
2017-09-12,113.400002,113.660004,112.690002,113.050003,21453100,111.98701499999999,105.2474203,111.80666670000001,118.36591299999999,Decreasing
2017-09-11,113.699997,114.339996,113.129997,113.889999,28779300,112.81911299999999,106.1554048,112.1955,118.2355952,Increasing
2017-09-10,114.309998,114.559998,113.510002,114.059998,24358400,112.98751299999999,107.9334949,112.698,117.46250520000001,Decreasing
2017-09-09,115.019997,116.75,114.720001,116.050003,36236000,114.95880700000001,110.0729851,113.2618334,116.4506817,Increasing
2017-09-08,117.699997,118.690002,116.199997,116.300003,64041000,115.206456,111.12980379999999,113.7153335,116.3008632,Decreasing
2017-09-07,117.349998,117.980003,116.75,117.339996,37586800,116.23666999999999,111.2667577,114.02650030000001,116.78624280000001,Decreasing
2017-09-06,116.790001,117.440002,115.720001,116.980003,35192400,115.88006200000001,111.1382638,114.11566699999999,117.0930702,Increasing
2017-09-05,117.879997,118.16999799999999,117.129997,117.629997,35652200,116.523945,110.9119196,114.24633359999999,117.58074760000001,Decreasing
2017-09-04,117.33000200000001,117.839996,116.779999,117.550003,23624900,116.444703,110.7934513,114.3990002,118.00454909999999,Increasing
2017-09-03,118.18,118.209999,117.449997,117.470001,24553500,116.365453,110.76649209999998,114.61450009999999,118.46250800000001,Decreasing
2017-09-02,117.25,117.760002,113.800003,117.120003,20034600,116.018745,110.8980004,114.7595002,118.6209999,Decreasing
2017-09-01,116.860001,117.379997,116.33000200000001,117.059998,24125800,115.959304,110.9074654,114.87966670000002,118.8518679,Increasing
2017-08-31,116.809998,116.910004,116.279999,116.599998,23192700,115.503631,111.11586509999998,115.05866670000002,119.0014682,Decreasing
2017-08-30,117.099998,117.739998,117.0,117.650002,23538700,116.543761,111.39460420000002,115.3015,119.20839579999999,Increasing
2017-08-29,117.949997,118.360001,117.309998,118.25,48129000,117.13811799999999,111.6517095,115.5566668,119.4616241,Increasing
2017-08-28,114.309998,115.699997,113.309998,115.589996,66134200,114.503125,111.7453165,115.59966670000001,119.4540169,Increasing
2017-08-27,115.389999,115.860001,114.099998,114.480003,34562000,113.40356899999999,112.08812749999998,115.7106666,119.3332058,Decreasing
2017-08-26,113.870003,115.209999,113.449997,113.720001,37861700,112.65071299999998,112.3390108,115.77999979999998,119.2209887,Decreasing
2017-08-25,113.650002,114.230003,113.199997,113.540001,26419400,112.472406,112.55633780000001,115.83199979999999,119.1076618,Decreasing
2017-08-24,113.459999,113.769997,110.529999,111.489998,43825800,110.441678,112.2291083,115.7628331,119.296558,Decreasing
2017-08-23,111.400002,112.349998,111.230003,111.589996,28331700,110.54073700000001,111.90445849999999,115.69233290000001,119.4802074,Increasing
2017-08-22,110.980003,111.459999,109.550003,109.83000200000001,26932600,109.35588,111.11729779999999,115.5169998,119.9167018,Decreasing
2017-08-21,108.529999,110.25,108.110001,108.839996,30837000,108.370149,110.0723288,115.26816640000001,120.4640041,Increasing
2017-08-20,110.08000200000001,110.510002,109.459999,110.410004,32560000,109.933378,109.33520759999999,114.98249979999999,120.6297919,Increasing
2017-08-19,110.309998,111.720001,109.699997,111.059998,24054500,110.58056599999999,108.83190230000001,114.67066640000002,120.5094304,Increasing
2017-08-18,109.879997,111.32,108.050003,110.879997,59176400,110.401343,108.2797318,114.30699969999999,120.3342676,Increasing
2017-08-17,111.089996,111.089996,105.83000200000001,107.790001,57134500,107.32468600000001,107.4162413,113.8831663,120.3500912,Decreasing
2017-08-16,107.120003,108.870003,106.550003,108.43,34143900,107.961922,106.68327590000001,113.3984998,120.1137237,Increasing
2017-08-15,107.709999,107.809998,104.08000200000001,105.709999,51175500,105.25366299999999,105.6163877,112.82233319999999,120.02827859999998,Decreasing
2017-08-14,106.57,107.68,106.160004,107.110001,32264500,106.647621,105.0185409,112.286,119.553459,Increasing
2017-08-13,106.699997,110.230003,106.599998,109.989998,58840500,109.51518600000001,104.7510059,111.9216665,119.09232709999999,Increasing
2017-08-12,109.809998,110.349998,108.83000200000001,109.949997,27632000,109.47535800000001,104.7146129,111.56099979999999,118.4073868,Increasing
2017-08-11,109.720001,110.540001,109.660004,110.059998,28428900,109.584883,104.76925240000001,111.23549990000001,117.7017473,Increasing
2017-08-10,110.120003,111.989998,110.010002,111.730003,29264600,111.24768,105.1220606,110.9244999,116.7269392,Increasing
2017-08-09,111.949997,112.41999799999999,111.400002,111.800003,25965500,111.31737700000001,105.76779409999999,110.6195,115.47120590000002,Decreasing
2017-08-08,111.360001,111.510002,110.33000200000001,111.230003,27426400,110.74983799999998,105.97578610000001,110.42733359999998,114.8788811,Decreasing
2017-08-07,111.129997,111.870003,110.949997,111.790001,11475900,111.307418,106.25006850000001,110.26350020000001,114.27693190000001,Increasing
2017-08-06,111.43,112.470001,111.389999,111.57,27194000,111.08836699999999,106.46697579999999,110.1476669,113.8283581,Increasing
2017-08-05,110.779999,112.029999,110.07,111.459999,28528800,110.97884099999999,106.6715909,110.0241669,113.3767429,Increasing
2017-08-04,111.599998,112.199997,110.269997,110.519997,36162300,110.042897,106.70736770000002,109.97750020000001,113.24763259999999,Decreasing
2017-08-03,110.370003,110.940002,109.029999,109.489998,37086900,109.017344,106.7117004,109.8823335,113.05296670000001,Decreasing
2017-08-02,109.16999799999999,110.089996,108.849998,109.900002,26528000,109.425578,106.681775,109.8490001,113.0162251,Increasing
2017-08-01,110.0,110.029999,108.25,109.110001,34324500,108.63898700000001,106.6879517,109.8521668,113.01638190000001,Decreasing
2017-07-31,109.5,110.360001,109.190002,109.949997,26195500,109.47535800000001,106.67579199999999,109.8375,112.9992081,Increasing
2017-07-30,109.260002,111.190002,109.160004,111.029999,29998700,110.550697,106.67641880000001,109.8191669,112.9619149,Increasing
2017-07-29,110.860001,112.43,110.599998,112.120003,27068300,111.63599599999999,106.65178259999999,109.90083349999999,113.1498845,Increasing
2017-07-28,112.309998,114.699997,112.309998,113.949997,34402600,113.45808999999998,106.6325587,110.17166680000001,113.7107748,Increasing
2017-07-27,113.290001,115.0,112.489998,113.300003,26374400,112.810902,106.77087579999998,110.454,114.1371242,Increasing
2017-07-26,113.839996,115.91999799999999,113.75,115.190002,43733800,114.692743,107.3615315,110.9083334,114.4551352,Increasing
2017-07-25,115.040001,116.199997,114.980003,115.190002,34031800,114.692743,107.7378136,111.33200000000001,114.92618629999998,Increasing
2017-07-24,115.379997,116.730003,115.230003,115.82,46524500,115.32002,107.7433259,111.6813334,115.6193409,Increasing
2017-07-23,116.470001,116.5,115.650002,115.970001,44351100,115.469374,107.73994920000001,111.9978335,116.25571780000001,Decreasing
2017-07-22,115.800003,117.379997,115.75,116.639999,27779400,116.13648,107.71933519999999,112.32300009999999,116.92666499999999,Increasing
2017-07-21,116.739998,117.5,116.68,116.949997,21425000,116.44513899999998,107.60495619999999,112.613,117.62104369999999,Increasing
2017-07-20,116.800003,117.400002,116.779999,117.059998,23783200,116.55466499999999,107.5169534,112.87333319999999,118.22971310000001,Increasing
2017-07-19,116.349998,116.510002,115.639999,116.290001,26085900,115.787993,107.66262090000001,113.12949979999999,118.5963787,Decreasing
2017-07-18,115.589996,116.519997,115.589996,116.519997,14249500,116.016995,107.790121,113.36316629999999,118.9362116,Increasing
2017-07-17,116.519997,117.800003,116.489998,117.260002,18296900,116.75380600000001,107.86933549999999,113.63183300000001,119.39433059999999,Increasing
2017-07-16,117.519997,118.019997,116.199997,116.760002,20905900,116.25596499999999,108.0969306,113.9221663,119.74740200000001,Decreasing
2017-07-15,116.449997,117.110001,116.400002,116.730003,15039500,116.226096,108.42290619999999,114.20966659999999,119.9964269,Increasing
2017-07-14,116.650002,117.199997,115.43,115.82,30586300,115.32002,109.050306,114.5261665,120.00202709999999,Decreasing
2017-07-13,115.800003,116.33000200000001,114.760002,116.150002,28781900,115.648597,109.82487900000001,114.8328334,119.8407878,Increasing
2017-07-12,115.849998,116.510002,115.75,116.019997,21118100,115.519154,110.89054109999998,115.181,119.47145890000002,Increasing
2017-07-11,115.91999799999999,116.860001,115.809998,116.610001,22193600,116.10661100000002,111.9660727,115.51066670000002,119.0552606,Increasing
2017-07-10,116.779999,118.160004,116.470001,117.910004,31751900,117.401002,113.0764095,115.8633334,118.65025729999999,Increasing
2017-07-09,117.949997,119.43,117.940002,118.989998,33387600,118.47633400000001,113.86368600000002,116.2168334,118.5699808,Increasing
2017-07-08,118.769997,119.379997,118.300003,119.110001,24462100,118.59581899999999,114.1532615,116.4806669,118.8080723,Increasing
2017-07-07,118.739998,119.93,118.599998,119.75,27588600,119.23305500000001,114.5029779,116.77216680000001,119.0413557,Increasing
2017-07-06,118.900002,119.300003,118.209999,119.25,27086200,118.73521399999998,114.6785838,116.9705002,119.2624166,Increasing
2017-07-05,119.110001,119.620003,118.809998,119.040001,26111900,118.52612099999999,114.7862159,117.1555002,119.5247845,Decreasing
2017-07-04,118.339996,120.239998,118.220001,120.0,34439800,119.481976,114.829177,117.3335001,119.8378231,Increasing
2017-07-03,120.0,120.5,119.709999,119.989998,23713000,119.472017,114.83874270000001,117.53483329999999,120.23092390000001,Decreasing
2017-07-02,119.400002,120.089996,119.370003,119.779999,25597300,119.262925,114.8696971,117.69266670000002,120.51563629999998,Increasing
2017-07-01,120.449997,120.449997,119.730003,120.0,32597900,119.481976,114.8577538,117.8435001,120.8292463,Decreasing
2017-06-30,120.0,120.809998,119.769997,120.08000200000001,22050200,119.561633,114.86536880000001,118.0005,121.13563119999999,Increasing
2017-06-29,119.550003,120.099998,119.5,119.970001,23211000,119.45210700000001,115.0726195,118.186,121.2993805,Increasing
2017-06-28,120.41999799999999,122.099998,120.279999,121.879997,32377600,121.353858,115.1704463,118.4465001,121.7225538,Increasing
2017-06-27,121.66999799999999,122.440002,121.599998,121.940002,26337600,121.413604,115.1235669,118.68700000000001,122.25043319999999,Increasing
2017-06-26,122.139999,122.349998,121.599998,121.949997,20562900,121.42355500000001,115.1902357,118.93566670000001,122.6810976,Decreasing
2017-06-25,120.93,121.629997,120.660004,121.629997,30377500,121.104937,115.42383999999998,119.1636665,122.903493,Increasing
2017-06-24,121.150002,121.389999,120.620003,121.349998,49201000,120.82614699999999,115.85010220000001,119.41216659999999,122.974231,Increasing
2017-06-23,127.029999,130.490005,127.010002,128.75,111985000,128.19420300000002,114.98795679999999,120.06233329999999,125.13670970000001,Increasing
2017-06-22,127.980003,129.389999,127.779999,128.529999,33710400,127.97515200000001,114.72717469999999,120.68599990000001,126.64482509999999,Increasing
2017-06-21,128.309998,129.190002,128.16000400000001,129.080002,24507300,128.522781,114.70625559999999,121.30516670000002,127.9040778,Increasing
2017-06-20,129.130005,130.5,128.899994,130.28999299999998,26845900,129.727549,114.58271709999998,121.924333,129.2659489,Increasing
2017-06-19,130.53999299999998,132.08999599999999,130.449997,131.529999,38183800,130.962201,114.29789129999999,122.55283290000001,130.8077744,Increasing
2017-06-18,131.350006,132.220001,131.220001,132.03999299999998,23004100,131.46999399999999,114.1945206,123.19766609999998,132.20081159999998,Increasing
2017-06-17,131.649994,132.449997,131.119995,132.419998,28349900,132.419998,114.2284077,123.82616599999999,133.42392420000002,Increasing
2017-06-16,132.46000700000002,132.940002,132.050003,132.119995,20065500,132.119995,114.49400370000001,124.49866589999999,134.5033282,Decreasing
2017-06-15,133.080002,133.820007,132.75,133.28999299999998,23035400,133.28999299999998,114.8207978,125.2051659,135.58953390000002,Increasing
2017-06-14,133.470001,135.08999599999999,133.25,135.020004,32815500,135.020004,115.1757183,125.95349920000001,136.7312801,Increasing
2017-06-13,135.520004,136.270004,134.619995,135.509995,35501600,135.509995,115.54503490000002,126.7234992,137.9019634,Decreasing
2017-06-12,135.669998,135.899994,134.83999599999999,135.350006,22118000,135.350006,116.20329879999998,127.50433249999999,138.80536619999998,Decreasing
